freq. ,flux ,err_flux ,MJD_start ,MJD_end ,flag,catalog,reference
 1.400e+09, 1.601e-15, 1.500e-18,  55000.0000,  55000.0000,  ,FIRST    ,  White et al. 1997  ApJ  475 479 
 1.400e+09, 2.892e-15, 8.650e-17,  55000.0000,  55000.0000,  ,NVSS    ,  Condon et al. 1998  AJ  115  1693 
 8.870e+08, 1.166e-15, 8.600e-17,  55000.0000,  55000.0000,  ,RACS    ,  Hale et al. 2021  PASA  38  e058 
 3.000e+09, 2.672e-15, 1.550e-17,  55000.0000,  55000.0000,  ,VLASSQL    ,  Gordon et al. 2021  ApJS  255  30 
 2.418e+17, 1.328e-12, 6.800e-14,  55255.8984,  55567.1992,  ,1OUSX    ,  Giommi et al. in preparation 
 1.209e+17, 1.607e-12, 7.700e-14,  55255.8984,  55567.1992,  ,1OUSX    ,  Giommi et al. in preparation 
 3.627e+17, 1.048e-12, 5.800e-14,  55255.8984,  55567.1992,  ,1OUSX    ,  Giommi et al. in preparation 
 7.253e+17, 8.110e-13, 2.730e-14,  55255.8984,  55567.1992,  ,1OUSX    ,  Giommi et al. in preparation 
 1.088e+18, 7.026e-13, 5.840e-14,  55255.8984,  55567.1992,  ,1OUSX    ,  Giommi et al. in preparation 
 7.253e+17, 1.826e-12, 6.300e-14,  55000.0000,  55000.0000,  ,2SXPS    ,  Evans et al. 2020  ApJS  247  54 
 1.209e+17, 2.073e-12, 1.045e-13,  55000.0000,  55000.0000,  ,2SXPS    ,  Evans et al. 2020  ApJS  247  54 
 3.627e+17, 1.425e-12, 8.300e-14,  55000.0000,  55000.0000,  ,2SXPS    ,  Evans et al. 2020  ApJS  247  54 
 1.088e+18, 1.206e-12, 1.075e-13,  55000.0000,  55000.0000,  ,2SXPS    ,  Evans et al. 2020  ApJS  247  54 
 1.500e+08, 2.665e-16, 2.685e-17,  55000.0000,  55000.0000,  ,TGSS150    ,  Intema et al. 2017  A&A  598  A781 
 8.400e+09, 1.323e-14, 0.000e+00,  55000.0000,  55000.0000,  ,CRATES    ,  Healey et al. 2007  ApJS  171  61 
 4.800e+09, 9.648e-15, 8.630e-16,  55000.0000,  55000.0000,  ,GB6    ,  Gregory et al. 1996  ApJS  103  427 
 4.800e+09, 9.648e-15, 1.343e-15,  55000.0000,  55000.0000,  ,GB87    ,  Gregory et al. 1992  VizieR  VIII/14/j2000 
 4.800e+09, 1.267e-14, 8.150e-16,  55000.0000,  55000.0000,  ,PMN    ,  Griffith et al. 1993-1996  VizieR  VIII/38 
 2.850e+11, 4.503e-13, 5.700e-14,  57030.0000,  57030.0000,  ,ALMA    ,  Bonato et al. 2019  MNRAS  485  1188 
 9.506e+10, 2.253e-13, 1.900e-14,  57030.0000,  57030.0000,  ,ALMA    ,  Bonato et al. 2019  MNRAS  485  1188 
 1.035e+11, 7.245e-14, 1.035e-14,  57450.0000,  57450.0000,  ,ALMA    ,  Bonato et al. 2019  MNRAS  485  1188 
 9.150e+10, 6.405e-14, 9.150e-15,  57450.0000,  57450.0000,  ,ALMA    ,  Bonato et al. 2019  MNRAS  485  1188 
 3.435e+11, 2.748e-13, 3.435e-14,  57450.0000,  57450.0000,  ,ALMA    ,  Bonato et al. 2019  MNRAS  485  1188 
 2.345e+11, 1.041e-13, 5.170e-15,  57600.3711,  57600.3711,  ,ALMA    ,  Bonato et al. 2019  MNRAS  485  1188 
 1.389e+14, 5.424e-12, 1.900e-13,  55000.0000,  55000.0000,  ,2MASS    ,  Skrutskie et al. 2006  AJ  131  1163 
 1.804e+14, 5.538e-12, 1.885e-13,  55000.0000,  55000.0000,  ,2MASS    ,  Skrutskie et al. 2006  AJ  131  1163 
 2.427e+14, 5.290e-12, 1.460e-13,  55000.0000,  55000.0000,  ,2MASS    ,  Skrutskie et al. 2006  AJ  131  1163 
 8.817e+13, 2.458e-12, 5.000e-15,  55000.0000,  55000.0000,  ,UNWISE    ,  Schlafly et al. 2019  ApJS  240  30 
 6.517e+13, 2.372e-12, 6.500e-15,  55000.0000,  55000.0000,  ,UNWISE    ,  Schlafly et al. 2019  ApJS  240  30 
 8.817e+13, 4.097e-12, 9.050e-14,  55000.0000,  55000.0000,  ,WISE    ,  Wright et al. 2010  AJ  140  1868 
 6.517e+13, 3.836e-12, 7.050e-14,  55000.0000,  55000.0000,  ,WISE    ,  Wright et al. 2010  AJ  140  1868 
 2.498e+13, 2.448e-12, 6.350e-14,  55000.0000,  55000.0000,  ,WISE    ,  Wright et al. 2010  AJ  140  1868 
 1.363e+13, 2.439e-12, 1.395e-13,  55000.0000,  55000.0000,  ,WISE    ,  Wright et al. 2010  AJ  140  1868 
 8.817e+13, 2.061e-12, 6.450e-14,  56863.9609,  56863.9609,  ,NEOWISE    ,  Mainzer et al. 2014  ApJ  792  30 
 6.517e+13, 2.019e-12, 7.250e-14,  56863.9609,  56863.9609,  ,NEOWISE    ,  Mainzer et al. 2014  ApJ  792  30 
 8.817e+13, 1.988e-12, 5.300e-14,  56864.5547,  56864.5547,  ,NEOWISE    ,  Mainzer et al. 2014  ApJ  792  30 
 6.517e+13, 1.967e-12, 6.550e-14,  56864.5547,  56864.5547,  ,NEOWISE    ,  Mainzer et al. 2014  ApJ  792  30 
 8.817e+13, 1.957e-12, 5.050e-14,  56863.8320,  56863.8320,  ,NEOWISE    ,  Mainzer et al. 2014  ApJ  792  30 
 6.517e+13, 1.947e-12, 6.450e-14,  56863.8320,  56863.8320,  ,NEOWISE    ,  Mainzer et al. 2014  ApJ  792  30 
 8.817e+13, 2.040e-12, 6.750e-14,  56864.0938,  56864.0938,  ,NEOWISE    ,  Mainzer et al. 2014  ApJ  792  30 
 6.517e+13, 1.905e-12, 6.800e-14,  56864.0938,  56864.0938,  ,NEOWISE    ,  Mainzer et al. 2014  ApJ  792  30 
 8.817e+13, 1.970e-12, 5.800e-14,  56864.0938,  56864.0938,  ,NEOWISE    ,  Mainzer et al. 2014  ApJ  792  30 
 6.517e+13, 1.884e-12, 7.850e-14,  56864.0938,  56864.0938,  ,NEOWISE    ,  Mainzer et al. 2014  ApJ  792  30 
 8.817e+13, 1.878e-12, 9.200e-14,  56863.5664,  56863.5664,  ,NEOWISE    ,  Mainzer et al. 2014  ApJ  792  30 
 6.517e+13, 1.944e-12, 5.900e-14,  56863.5664,  56863.5664,  ,NEOWISE    ,  Mainzer et al. 2014  ApJ  792  30 
 8.817e+13, 1.974e-12, 5.250e-14,  56864.0273,  56864.0273,  ,NEOWISE    ,  Mainzer et al. 2014  ApJ  792  30 
 6.517e+13, 1.912e-12, 6.150e-14,  56864.0273,  56864.0273,  ,NEOWISE    ,  Mainzer et al. 2014  ApJ  792  30 
 8.817e+13, 1.972e-12, 5.050e-14,  56863.6992,  56863.6992,  ,NEOWISE    ,  Mainzer et al. 2014  ApJ  792  30 
 6.517e+13, 1.882e-12, 7.150e-14,  56863.6992,  56863.6992,  ,NEOWISE    ,  Mainzer et al. 2014  ApJ  792  30 
 8.817e+13, 2.069e-12, 5.350e-14,  56864.1602,  56864.1602,  ,NEOWISE    ,  Mainzer et al. 2014  ApJ  792  30 
 6.517e+13, 1.926e-12, 6.400e-14,  56864.1602,  56864.1602,  ,NEOWISE    ,  Mainzer et al. 2014  ApJ  792  30 
 8.817e+13, 1.948e-12, 5.400e-14,  56864.4219,  56864.4219,  ,NEOWISE    ,  Mainzer et al. 2014  ApJ  792  30 
 6.517e+13, 1.951e-12, 6.100e-14,  56864.4219,  56864.4219,  ,NEOWISE    ,  Mainzer et al. 2014  ApJ  792  30 
 8.817e+13, 1.828e-12, 6.400e-14,  56864.2930,  56864.2930,  ,NEOWISE    ,  Mainzer et al. 2014  ApJ  792  30 
 6.517e+13, 1.944e-12, 5.750e-14,  56864.2930,  56864.2930,  ,NEOWISE    ,  Mainzer et al. 2014  ApJ  792  30 
 8.817e+13, 1.961e-12, 5.450e-14,  56864.2266,  56864.2266,  ,NEOWISE    ,  Mainzer et al. 2014  ApJ  792  30 
 6.517e+13, 1.930e-12, 7.500e-14,  56864.2266,  56864.2266,  ,NEOWISE    ,  Mainzer et al. 2014  ApJ  792  30 
 8.817e+13, 1.365e-12, 4.150e-14,  57225.5586,  57225.5586,  ,NEOWISE    ,  Mainzer et al. 2014  ApJ  792  30 
 6.517e+13, 1.128e-12, 5.600e-14,  57225.5586,  57225.5586,  ,NEOWISE    ,  Mainzer et al. 2014  ApJ  792  30 
 8.817e+13, 1.321e-12, 4.150e-14,  57226.2773,  57226.2773,  ,NEOWISE    ,  Mainzer et al. 2014  ApJ  792  30 
 6.517e+13, 1.307e-12, 6.150e-14,  57226.2773,  57226.2773,  ,NEOWISE    ,  Mainzer et al. 2014  ApJ  792  30 
 8.817e+13, 1.349e-12, 4.700e-14,  57226.1484,  57226.1484,  ,NEOWISE    ,  Mainzer et al. 2014  ApJ  792  30 
 6.517e+13, 1.226e-12, 5.350e-14,  57226.1484,  57226.1484,  ,NEOWISE    ,  Mainzer et al. 2014  ApJ  792  30 
 8.817e+13, 1.261e-12, 4.100e-14,  57226.0156,  57226.0156,  ,NEOWISE    ,  Mainzer et al. 2014  ApJ  792  30 
 6.517e+13, 1.134e-12, 5.950e-14,  57226.0156,  57226.0156,  ,NEOWISE    ,  Mainzer et al. 2014  ApJ  792  30 
 8.817e+13, 1.257e-12, 4.050e-14,  57226.0820,  57226.0820,  ,NEOWISE    ,  Mainzer et al. 2014  ApJ  792  30 
 6.517e+13, 1.232e-12, 5.650e-14,  57226.0820,  57226.0820,  ,NEOWISE    ,  Mainzer et al. 2014  ApJ  792  30 
 8.817e+13, 1.311e-12, 4.200e-14,  57225.4258,  57225.4258,  ,NEOWISE    ,  Mainzer et al. 2014  ApJ  792  30 
 6.517e+13, 1.239e-12, 5.700e-14,  57225.4258,  57225.4258,  ,NEOWISE    ,  Mainzer et al. 2014  ApJ  792  30 
 8.817e+13, 1.365e-12, 5.150e-14,  57225.6875,  57225.6875,  ,NEOWISE    ,  Mainzer et al. 2014  ApJ  792  30 
 6.517e+13, 1.363e-12, 6.650e-14,  57225.6875,  57225.6875,  ,NEOWISE    ,  Mainzer et al. 2014  ApJ  792  30 
 8.817e+13, 1.344e-12, 5.700e-14,  57225.8203,  57225.8203,  ,NEOWISE    ,  Mainzer et al. 2014  ApJ  792  30 
 6.517e+13, 1.199e-12, 5.600e-14,  57225.8203,  57225.8203,  ,NEOWISE    ,  Mainzer et al. 2014  ApJ  792  30 
 8.817e+13, 2.276e-12, 6.100e-14,  57957.4062,  57957.4062,  ,NEOWISE    ,  Mainzer et al. 2014  ApJ  792  30 
 6.517e+13, 2.089e-12, 8.100e-14,  57957.4062,  57957.4062,  ,NEOWISE    ,  Mainzer et al. 2014  ApJ  792  30 
 8.817e+13, 2.225e-12, 6.550e-14,  57956.6836,  57956.6836,  ,NEOWISE    ,  Mainzer et al. 2014  ApJ  792  30 
 6.517e+13, 2.091e-12, 6.550e-14,  57956.6836,  57956.6836,  ,NEOWISE    ,  Mainzer et al. 2014  ApJ  792  30 
 8.817e+13, 2.430e-12, 6.300e-14,  57956.9453,  57956.9453,  ,NEOWISE    ,  Mainzer et al. 2014  ApJ  792  30 
 6.517e+13, 2.385e-12, 7.250e-14,  57956.9453,  57956.9453,  ,NEOWISE    ,  Mainzer et al. 2014  ApJ  792  30 
 8.817e+13, 2.410e-12, 7.100e-14,  57957.0781,  57957.0781,  ,NEOWISE    ,  Mainzer et al. 2014  ApJ  792  30 
 6.517e+13, 2.337e-12, 6.900e-14,  57957.0781,  57957.0781,  ,NEOWISE    ,  Mainzer et al. 2014  ApJ  792  30 
 8.817e+13, 2.450e-12, 6.350e-14,  57957.1406,  57957.1406,  ,NEOWISE    ,  Mainzer et al. 2014  ApJ  792  30 
 6.517e+13, 2.284e-12, 6.550e-14,  57957.1406,  57957.1406,  ,NEOWISE    ,  Mainzer et al. 2014  ApJ  792  30 
 8.817e+13, 2.379e-12, 6.600e-14,  57957.1445,  57957.1445,  ,NEOWISE    ,  Mainzer et al. 2014  ApJ  792  30 
 6.517e+13, 2.301e-12, 6.750e-14,  57957.1445,  57957.1445,  ,NEOWISE    ,  Mainzer et al. 2014  ApJ  792  30 
 8.817e+13, 2.578e-12, 6.650e-14,  57957.2070,  57957.2070,  ,NEOWISE    ,  Mainzer et al. 2014  ApJ  792  30 
 6.517e+13, 2.277e-12, 8.400e-14,  57957.2070,  57957.2070,  ,NEOWISE    ,  Mainzer et al. 2014  ApJ  792  30 
 8.817e+13, 2.444e-12, 5.850e-14,  57957.2734,  57957.2734,  ,NEOWISE    ,  Mainzer et al. 2014  ApJ  792  30 
 6.517e+13, 2.307e-12, 8.050e-14,  57957.2734,  57957.2734,  ,NEOWISE    ,  Mainzer et al. 2014  ApJ  792  30 
 8.817e+13, 2.297e-12, 6.550e-14,  57957.5352,  57957.5352,  ,NEOWISE    ,  Mainzer et al. 2014  ApJ  792  30 
 6.517e+13, 2.030e-12, 6.550e-14,  57957.5352,  57957.5352,  ,NEOWISE    ,  Mainzer et al. 2014  ApJ  792  30 
 8.817e+13, 2.268e-12, 6.050e-14,  57956.6836,  57956.6836,  ,NEOWISE    ,  Mainzer et al. 2014  ApJ  792  30 
 6.517e+13, 2.179e-12, 6.600e-14,  57956.6836,  57956.6836,  ,NEOWISE    ,  Mainzer et al. 2014  ApJ  792  30 
 8.817e+13, 2.412e-12, 5.800e-14,  57956.8164,  57956.8164,  ,NEOWISE    ,  Mainzer et al. 2014  ApJ  792  30 
 6.517e+13, 2.131e-12, 6.450e-14,  57956.8164,  57956.8164,  ,NEOWISE    ,  Mainzer et al. 2014  ApJ  792  30 
 8.817e+13, 2.258e-12, 6.250e-14,  57957.6680,  57957.6680,  ,NEOWISE    ,  Mainzer et al. 2014  ApJ  792  30 
 6.517e+13, 1.989e-12, 8.250e-14,  57957.6680,  57957.6680,  ,NEOWISE    ,  Mainzer et al. 2014  ApJ  792  30 
 8.817e+13, 1.345e-12, 7.350e-14,  58482.1992,  58482.1992,  ,NEOWISE    ,  Mainzer et al. 2014  ApJ  792  30 
 6.517e+13, 1.284e-12, 4.850e-14,  58482.1992,  58482.1992,  ,NEOWISE    ,  Mainzer et al. 2014  ApJ  792  30 
 8.817e+13, 1.493e-12, 4.250e-14,  58481.6133,  58481.6133,  ,NEOWISE    ,  Mainzer et al. 2014  ApJ  792  30 
 6.517e+13, 1.328e-12, 5.350e-14,  58481.6133,  58481.6133,  ,NEOWISE    ,  Mainzer et al. 2014  ApJ  792  30 
 8.817e+13, 1.466e-12, 4.750e-14,  58481.9375,  58481.9375,  ,NEOWISE    ,  Mainzer et al. 2014  ApJ  792  30 
 6.517e+13, 1.285e-12, 5.350e-14,  58481.9375,  58481.9375,  ,NEOWISE    ,  Mainzer et al. 2014  ApJ  792  30 
 8.817e+13, 1.494e-12, 4.500e-14,  58481.2188,  58481.2188,  ,NEOWISE    ,  Mainzer et al. 2014  ApJ  792  30 
 6.517e+13, 1.475e-12, 5.850e-14,  58481.2188,  58481.2188,  ,NEOWISE    ,  Mainzer et al. 2014  ApJ  792  30 
 8.817e+13, 1.424e-12, 4.850e-14,  58481.3516,  58481.3516,  ,NEOWISE    ,  Mainzer et al. 2014  ApJ  792  30 
 6.517e+13, 1.281e-12, 7.400e-14,  58481.3516,  58481.3516,  ,NEOWISE    ,  Mainzer et al. 2014  ApJ  792  30 
 8.817e+13, 1.578e-12, 6.550e-14,  58481.4805,  58481.4805,  ,NEOWISE    ,  Mainzer et al. 2014  ApJ  792  30 
 6.517e+13, 1.269e-12, 6.900e-14,  58481.4805,  58481.4805,  ,NEOWISE    ,  Mainzer et al. 2014  ApJ  792  30 
 8.817e+13, 1.525e-12, 4.750e-14,  58481.7422,  58481.7422,  ,NEOWISE    ,  Mainzer et al. 2014  ApJ  792  30 
 6.517e+13, 1.440e-12, 5.550e-14,  58481.7422,  58481.7422,  ,NEOWISE    ,  Mainzer et al. 2014  ApJ  792  30 
 8.817e+13, 1.373e-12, 4.700e-14,  58481.8086,  58481.8086,  ,NEOWISE    ,  Mainzer et al. 2014  ApJ  792  30 
 6.517e+13, 1.330e-12, 5.500e-14,  58481.8086,  58481.8086,  ,NEOWISE    ,  Mainzer et al. 2014  ApJ  792  30 
 8.817e+13, 1.508e-12, 5.000e-14,  58482.0703,  58482.0703,  ,NEOWISE    ,  Mainzer et al. 2014  ApJ  792  30 
 6.517e+13, 1.125e-12, 5.600e-14,  58482.0703,  58482.0703,  ,NEOWISE    ,  Mainzer et al. 2014  ApJ  792  30 
 8.817e+13, 1.450e-12, 5.250e-14,  58481.6758,  58481.6758,  ,NEOWISE    ,  Mainzer et al. 2014  ApJ  792  30 
 6.517e+13, 1.367e-12, 6.800e-14,  58481.6758,  58481.6758,  ,NEOWISE    ,  Mainzer et al. 2014  ApJ  792  30 
 8.817e+13, 1.810e-12, 4.850e-14,  58845.8594,  58845.8594,  ,NEOWISE    ,  Mainzer et al. 2014  ApJ  792  30 
 6.517e+13, 1.633e-12, 5.850e-14,  58845.8594,  58845.8594,  ,NEOWISE    ,  Mainzer et al. 2014  ApJ  792  30 
 8.817e+13, 1.762e-12, 4.900e-14,  58845.4648,  58845.4648,  ,NEOWISE    ,  Mainzer et al. 2014  ApJ  792  30 
 6.517e+13, 1.454e-12, 5.750e-14,  58845.4648,  58845.4648,  ,NEOWISE    ,  Mainzer et al. 2014  ApJ  792  30 
 8.817e+13, 1.974e-12, 6.900e-14,  58845.5977,  58845.5977,  ,NEOWISE    ,  Mainzer et al. 2014  ApJ  792  30 
 6.517e+13, 1.728e-12, 6.350e-14,  58845.5977,  58845.5977,  ,NEOWISE    ,  Mainzer et al. 2014  ApJ  792  30 
 8.817e+13, 1.728e-12, 5.250e-14,  58845.9883,  58845.9883,  ,NEOWISE    ,  Mainzer et al. 2014  ApJ  792  30 
 6.517e+13, 1.579e-12, 5.650e-14,  58845.9883,  58845.9883,  ,NEOWISE    ,  Mainzer et al. 2014  ApJ  792  30 
 8.817e+13, 1.767e-12, 6.000e-14,  58846.0547,  58846.0547,  ,NEOWISE    ,  Mainzer et al. 2014  ApJ  792  30 
 6.517e+13, 1.668e-12, 5.850e-14,  58846.0547,  58846.0547,  ,NEOWISE    ,  Mainzer et al. 2014  ApJ  792  30 
 8.817e+13, 1.827e-12, 5.350e-14,  58845.9258,  58845.9258,  ,NEOWISE    ,  Mainzer et al. 2014  ApJ  792  30 
 6.517e+13, 1.521e-12, 6.300e-14,  58845.9258,  58845.9258,  ,NEOWISE    ,  Mainzer et al. 2014  ApJ  792  30 
 8.817e+13, 1.847e-12, 5.600e-14,  58846.1836,  58846.1836,  ,NEOWISE    ,  Mainzer et al. 2014  ApJ  792  30 
 6.517e+13, 1.608e-12, 7.250e-14,  58846.1836,  58846.1836,  ,NEOWISE    ,  Mainzer et al. 2014  ApJ  792  30 
 8.817e+13, 1.888e-12, 5.400e-14,  58845.7266,  58845.7266,  ,NEOWISE    ,  Mainzer et al. 2014  ApJ  792  30 
 6.517e+13, 1.534e-12, 6.750e-14,  58845.7266,  58845.7266,  ,NEOWISE    ,  Mainzer et al. 2014  ApJ  792  30 
 8.817e+13, 1.859e-12, 5.150e-14,  58845.9883,  58845.9883,  ,NEOWISE    ,  Mainzer et al. 2014  ApJ  792  30 
 6.517e+13, 1.553e-12, 5.750e-14,  58845.9883,  58845.9883,  ,NEOWISE    ,  Mainzer et al. 2014  ApJ  792  30 
 8.817e+13, 1.263e-12, 4.750e-14,  59212.7305,  59212.7305,  ,NEOWISE    ,  Mainzer et al. 2014  ApJ  792  30 
 6.517e+13, 1.100e-12, 6.100e-14,  59212.7305,  59212.7305,  ,NEOWISE    ,  Mainzer et al. 2014  ApJ  792  30 
 8.817e+13, 1.236e-12, 4.900e-14,  59212.8594,  59212.8594,  ,NEOWISE    ,  Mainzer et al. 2014  ApJ  792  30 
 6.517e+13, 1.162e-12, 5.700e-14,  59212.8594,  59212.8594,  ,NEOWISE    ,  Mainzer et al. 2014  ApJ  792  30 
 8.817e+13, 1.331e-12, 4.400e-14,  59213.0547,  59213.0547,  ,NEOWISE    ,  Mainzer et al. 2014  ApJ  792  30 
 6.517e+13, 1.181e-12, 7.400e-14,  59213.0547,  59213.0547,  ,NEOWISE    ,  Mainzer et al. 2014  ApJ  792  30 
 8.817e+13, 1.268e-12, 4.900e-14,  59213.1875,  59213.1875,  ,NEOWISE    ,  Mainzer et al. 2014  ApJ  792  30 
 6.517e+13, 1.344e-12, 5.200e-14,  59213.1875,  59213.1875,  ,NEOWISE    ,  Mainzer et al. 2014  ApJ  792  30 
 8.817e+13, 1.479e-12, 5.050e-14,  59213.3164,  59213.3164,  ,NEOWISE    ,  Mainzer et al. 2014  ApJ  792  30 
 6.517e+13, 1.328e-12, 6.600e-14,  59213.3164,  59213.3164,  ,NEOWISE    ,  Mainzer et al. 2014  ApJ  792  30 
 8.817e+13, 1.464e-12, 4.450e-14,  59213.4492,  59213.4492,  ,NEOWISE    ,  Mainzer et al. 2014  ApJ  792  30 
 6.517e+13, 1.258e-12, 5.550e-14,  59213.4492,  59213.4492,  ,NEOWISE    ,  Mainzer et al. 2014  ApJ  792  30 
 8.817e+13, 1.314e-12, 5.350e-14,  59212.9922,  59212.9922,  ,NEOWISE    ,  Mainzer et al. 2014  ApJ  792  30 
 6.517e+13, 1.093e-12, 5.750e-14,  59212.9922,  59212.9922,  ,NEOWISE    ,  Mainzer et al. 2014  ApJ  792  30 
 8.817e+13, 1.234e-12, 4.050e-14,  59212.5977,  59212.5977,  ,NEOWISE    ,  Mainzer et al. 2014  ApJ  792  30 
 6.517e+13, 1.246e-12, 5.200e-14,  59212.5977,  59212.5977,  ,NEOWISE    ,  Mainzer et al. 2014  ApJ  792  30 
 8.817e+13, 1.327e-12, 5.100e-14,  59213.1211,  59213.1211,  ,NEOWISE    ,  Mainzer et al. 2014  ApJ  792  30 
 6.517e+13, 1.174e-12, 5.300e-14,  59213.1211,  59213.1211,  ,NEOWISE    ,  Mainzer et al. 2014  ApJ  792  30 
 8.817e+13, 1.697e-12, 6.700e-14,  57590.0586,  57590.0586,  ,NEOWISE    ,  Mainzer et al. 2014  ApJ  792  30 
 6.517e+13, 1.682e-12, 6.500e-14,  57590.0586,  57590.0586,  ,NEOWISE    ,  Mainzer et al. 2014  ApJ  792  30 
 8.817e+13, 2.020e-12, 7.050e-14,  57589.9297,  57589.9297,  ,NEOWISE    ,  Mainzer et al. 2014  ApJ  792  30 
 6.517e+13, 1.712e-12, 6.150e-14,  57589.9297,  57589.9297,  ,NEOWISE    ,  Mainzer et al. 2014  ApJ  792  30 
 8.817e+13, 2.025e-12, 5.200e-14,  57589.6680,  57589.6680,  ,NEOWISE    ,  Mainzer et al. 2014  ApJ  792  30 
 6.517e+13, 1.935e-12, 6.400e-14,  57589.6680,  57589.6680,  ,NEOWISE    ,  Mainzer et al. 2014  ApJ  792  30 
 8.817e+13, 1.855e-12, 5.450e-14,  57589.9922,  57589.9922,  ,NEOWISE    ,  Mainzer et al. 2014  ApJ  792  30 
 6.517e+13, 1.696e-12, 6.850e-14,  57589.9922,  57589.9922,  ,NEOWISE    ,  Mainzer et al. 2014  ApJ  792  30 
 8.817e+13, 1.830e-12, 5.200e-14,  57590.1250,  57590.1250,  ,NEOWISE    ,  Mainzer et al. 2014  ApJ  792  30 
 6.517e+13, 1.642e-12, 6.350e-14,  57590.1250,  57590.1250,  ,NEOWISE    ,  Mainzer et al. 2014  ApJ  792  30 
 8.817e+13, 1.861e-12, 5.450e-14,  57590.1914,  57590.1914,  ,NEOWISE    ,  Mainzer et al. 2014  ApJ  792  30 
 6.517e+13, 1.710e-12, 6.950e-14,  57590.1914,  57590.1914,  ,NEOWISE    ,  Mainzer et al. 2014  ApJ  792  30 
 8.817e+13, 1.807e-12, 5.150e-14,  57590.2578,  57590.2578,  ,NEOWISE    ,  Mainzer et al. 2014  ApJ  792  30 
 6.517e+13, 1.626e-12, 6.300e-14,  57590.2578,  57590.2578,  ,NEOWISE    ,  Mainzer et al. 2014  ApJ  792  30 
 8.817e+13, 1.815e-12, 5.150e-14,  57590.6484,  57590.6484,  ,NEOWISE    ,  Mainzer et al. 2014  ApJ  792  30 
 6.517e+13, 1.547e-12, 7.400e-14,  57590.6484,  57590.6484,  ,NEOWISE    ,  Mainzer et al. 2014  ApJ  792  30 
 8.817e+13, 1.680e-12, 6.200e-14,  57590.5195,  57590.5195,  ,NEOWISE    ,  Mainzer et al. 2014  ApJ  792  30 
 6.517e+13, 1.721e-12, 6.350e-14,  57590.5195,  57590.5195,  ,NEOWISE    ,  Mainzer et al. 2014  ApJ  792  30 
 8.817e+13, 1.610e-12, 6.100e-14,  57590.3867,  57590.3867,  ,NEOWISE    ,  Mainzer et al. 2014  ApJ  792  30 
 6.517e+13, 1.761e-12, 8.950e-14,  57590.3867,  57590.3867,  ,NEOWISE    ,  Mainzer et al. 2014  ApJ  792  30 
 8.817e+13, 1.835e-12, 5.050e-14,  57589.7969,  57589.7969,  ,NEOWISE    ,  Mainzer et al. 2014  ApJ  792  30 
 6.517e+13, 1.176e-12, 7.500e-14,  57589.7969,  57589.7969,  ,NEOWISE    ,  Mainzer et al. 2014  ApJ  792  30 
 8.817e+13, 1.258e-12, 4.300e-14,  59052.4883,  59052.4883,  ,NEOWISE    ,  Mainzer et al. 2014  ApJ  792  30 
 6.517e+13, 1.163e-12, 6.100e-14,  59052.4883,  59052.4883,  ,NEOWISE    ,  Mainzer et al. 2014  ApJ  792  30 
 8.817e+13, 1.284e-12, 4.650e-14,  59052.6172,  59052.6172,  ,NEOWISE    ,  Mainzer et al. 2014  ApJ  792  30 
 6.517e+13, 1.151e-12, 5.400e-14,  59052.6172,  59052.6172,  ,NEOWISE    ,  Mainzer et al. 2014  ApJ  792  30 
 8.817e+13, 1.224e-12, 4.650e-14,  59052.6836,  59052.6836,  ,NEOWISE    ,  Mainzer et al. 2014  ApJ  792  30 
 6.517e+13, 1.152e-12, 7.450e-14,  59052.6836,  59052.6836,  ,NEOWISE    ,  Mainzer et al. 2014  ApJ  792  30 
 8.817e+13, 1.227e-12, 5.000e-14,  59052.7500,  59052.7500,  ,NEOWISE    ,  Mainzer et al. 2014  ApJ  792  30 
 6.517e+13, 1.153e-12, 5.950e-14,  59052.7500,  59052.7500,  ,NEOWISE    ,  Mainzer et al. 2014  ApJ  792  30 
 8.817e+13, 1.291e-12, 4.750e-14,  59053.0781,  59053.0781,  ,NEOWISE    ,  Mainzer et al. 2014  ApJ  792  30 
 6.517e+13, 1.103e-12, 6.000e-14,  59053.0781,  59053.0781,  ,NEOWISE    ,  Mainzer et al. 2014  ApJ  792  30 
 8.817e+13, 1.300e-12, 4.300e-14,  59052.5547,  59052.5547,  ,NEOWISE    ,  Mainzer et al. 2014  ApJ  792  30 
 6.517e+13, 1.180e-12, 5.100e-14,  59052.5547,  59052.5547,  ,NEOWISE    ,  Mainzer et al. 2014  ApJ  792  30 
 8.817e+13, 1.304e-12, 4.350e-14,  59052.8164,  59052.8164,  ,NEOWISE    ,  Mainzer et al. 2014  ApJ  792  30 
 6.517e+13, 1.121e-12, 7.100e-14,  59052.8164,  59052.8164,  ,NEOWISE    ,  Mainzer et al. 2014  ApJ  792  30 
 8.817e+13, 1.297e-12, 6.350e-14,  59052.9453,  59052.9453,  ,NEOWISE    ,  Mainzer et al. 2014  ApJ  792  30 
 6.517e+13, 1.132e-12, 6.150e-14,  59052.9453,  59052.9453,  ,NEOWISE    ,  Mainzer et al. 2014  ApJ  792  30 
 8.817e+13, 1.287e-12, 4.300e-14,  59053.2070,  59053.2070,  ,NEOWISE    ,  Mainzer et al. 2014  ApJ  792  30 
 6.517e+13, 1.299e-12, 6.300e-14,  59053.2070,  59053.2070,  ,NEOWISE    ,  Mainzer et al. 2014  ApJ  792  30 
 8.817e+13, 2.512e-12, 9.700e-14,  57760.6055,  57760.6055,  ,NEOWISE    ,  Mainzer et al. 2014  ApJ  792  30 
 6.517e+13, 2.037e-12, 1.635e-13,  57760.6055,  57760.6055,  ,NEOWISE    ,  Mainzer et al. 2014  ApJ  792  30 
 8.817e+13, 2.154e-12, 9.700e-14,  57760.4727,  57760.4727,  ,NEOWISE    ,  Mainzer et al. 2014  ApJ  792  30 
 6.517e+13, 1.962e-12, 2.425e-13,  57760.4727,  57760.4727,  ,NEOWISE    ,  Mainzer et al. 2014  ApJ  792  30 
 8.817e+13, 2.338e-12, 6.250e-14,  57760.7344,  57760.7344,  ,NEOWISE    ,  Mainzer et al. 2014  ApJ  792  30 
 6.517e+13, 2.120e-12, 1.095e-13,  57760.7344,  57760.7344,  ,NEOWISE    ,  Mainzer et al. 2014  ApJ  792  30 
 8.817e+13, 2.235e-12, 7.200e-14,  57760.8672,  57760.8672,  ,NEOWISE    ,  Mainzer et al. 2014  ApJ  792  30 
 6.517e+13, 2.322e-12, 1.025e-13,  57760.8672,  57760.8672,  ,NEOWISE    ,  Mainzer et al. 2014  ApJ  792  30 
 8.817e+13, 2.510e-12, 7.200e-14,  56674.8125,  56674.8125,  ,NEOWISE    ,  Mainzer et al. 2014  ApJ  792  30 
 6.517e+13, 2.656e-12, 7.100e-14,  56674.8125,  56674.8125,  ,NEOWISE    ,  Mainzer et al. 2014  ApJ  792  30 
 8.817e+13, 2.732e-12, 6.050e-14,  56675.2734,  56675.2734,  ,NEOWISE    ,  Mainzer et al. 2014  ApJ  792  30 
 6.517e+13, 2.703e-12, 9.950e-14,  56675.2734,  56675.2734,  ,NEOWISE    ,  Mainzer et al. 2014  ApJ  792  30 
 8.817e+13, 2.604e-12, 6.250e-14,  56674.5469,  56674.5469,  ,NEOWISE    ,  Mainzer et al. 2014  ApJ  792  30 
 6.517e+13, 2.622e-12, 9.200e-14,  56674.5469,  56674.5469,  ,NEOWISE    ,  Mainzer et al. 2014  ApJ  792  30 
 8.817e+13, 2.790e-12, 6.400e-14,  56674.9414,  56674.9414,  ,NEOWISE    ,  Mainzer et al. 2014  ApJ  792  30 
 6.517e+13, 2.802e-12, 7.700e-14,  56674.9414,  56674.9414,  ,NEOWISE    ,  Mainzer et al. 2014  ApJ  792  30 
 8.817e+13, 2.821e-12, 6.500e-14,  56675.4023,  56675.4023,  ,NEOWISE    ,  Mainzer et al. 2014  ApJ  792  30 
 6.517e+13, 2.644e-12, 7.800e-14,  56675.4023,  56675.4023,  ,NEOWISE    ,  Mainzer et al. 2014  ApJ  792  30 
 8.817e+13, 2.578e-12, 6.650e-14,  56674.6797,  56674.6797,  ,NEOWISE    ,  Mainzer et al. 2014  ApJ  792  30 
 6.517e+13, 2.591e-12, 8.350e-14,  56674.6797,  56674.6797,  ,NEOWISE    ,  Mainzer et al. 2014  ApJ  792  30 
 8.817e+13, 2.734e-12, 6.550e-14,  56674.8789,  56674.8789,  ,NEOWISE    ,  Mainzer et al. 2014  ApJ  792  30 
 6.517e+13, 2.828e-12, 8.100e-14,  56674.8789,  56674.8789,  ,NEOWISE    ,  Mainzer et al. 2014  ApJ  792  30 
 8.817e+13, 2.444e-12, 6.300e-14,  56675.1406,  56675.1406,  ,NEOWISE    ,  Mainzer et al. 2014  ApJ  792  30 
 6.517e+13, 2.589e-12, 7.150e-14,  56675.1406,  56675.1406,  ,NEOWISE    ,  Mainzer et al. 2014  ApJ  792  30 
 8.817e+13, 2.842e-12, 7.300e-14,  56675.0078,  56675.0078,  ,NEOWISE    ,  Mainzer et al. 2014  ApJ  792  30 
 6.517e+13, 2.817e-12, 8.300e-14,  56675.0078,  56675.0078,  ,NEOWISE    ,  Mainzer et al. 2014  ApJ  792  30 
 8.817e+13, 2.863e-12, 6.300e-14,  56675.0742,  56675.0742,  ,NEOWISE    ,  Mainzer et al. 2014  ApJ  792  30 
 6.517e+13, 2.703e-12, 7.200e-14,  56675.0742,  56675.0742,  ,NEOWISE    ,  Mainzer et al. 2014  ApJ  792  30 
 8.817e+13, 2.827e-12, 6.750e-14,  56675.0078,  56675.0078,  ,NEOWISE    ,  Mainzer et al. 2014  ApJ  792  30 
 6.517e+13, 2.776e-12, 8.450e-14,  56675.0078,  56675.0078,  ,NEOWISE    ,  Mainzer et al. 2014  ApJ  792  30 
 8.817e+13, 2.386e-12, 8.350e-14,  57596.0195,  57596.0195,  ,NEOWISE    ,  Mainzer et al. 2014  ApJ  792  30 
 6.517e+13, 2.244e-12, 1.160e-13,  57596.0195,  57596.0195,  ,NEOWISE    ,  Mainzer et al. 2014  ApJ  792  30 
 8.817e+13, 1.435e-12, 9.300e-14,  58853.0547,  58853.0547,  ,NEOWISE    ,  Mainzer et al. 2014  ApJ  792  30 
 6.517e+13, 1.089e-12, 3.500e-13,  58853.0547,  58853.0547,  ,NEOWISE    ,  Mainzer et al. 2014  ApJ  792  30 
 8.817e+13, 1.278e-12, 4.150e-14,  59212.9258,  59212.9258,  ,NEOWISE    ,  Mainzer et al. 2014  ApJ  792  30 
 6.517e+13, 1.257e-12, 5.250e-14,  59212.9258,  59212.9258,  ,NEOWISE    ,  Mainzer et al. 2014  ApJ  792  30 
 8.817e+13, 9.946e-13, 3.760e-14,  59417.3633,  59417.3633,  ,NEOWISE    ,  Mainzer et al. 2014  ApJ  792  30 
 6.517e+13, 7.926e-13, 4.675e-14,  59417.3633,  59417.3633,  ,NEOWISE    ,  Mainzer et al. 2014  ApJ  792  30 
 8.817e+13, 1.093e-12, 5.300e-14,  59416.2539,  59416.2539,  ,NEOWISE    ,  Mainzer et al. 2014  ApJ  792  30 
 6.517e+13, 1.026e-12, 5.100e-14,  59416.2539,  59416.2539,  ,NEOWISE    ,  Mainzer et al. 2014  ApJ  792  30 
 8.817e+13, 1.141e-12, 4.100e-14,  59416.5156,  59416.5156,  ,NEOWISE    ,  Mainzer et al. 2014  ApJ  792  30 
 6.517e+13, 9.433e-13, 5.900e-14,  59416.5156,  59416.5156,  ,NEOWISE    ,  Mainzer et al. 2014  ApJ  792  30 
 8.817e+13, 9.756e-13, 4.050e-14,  59416.9062,  59416.9062,  ,NEOWISE    ,  Mainzer et al. 2014  ApJ  792  30 
 6.517e+13, 9.235e-13, 6.125e-14,  59416.9062,  59416.9062,  ,NEOWISE    ,  Mainzer et al. 2014  ApJ  792  30 
 8.817e+13, 1.055e-12, 4.000e-14,  59416.9727,  59416.9727,  ,NEOWISE    ,  Mainzer et al. 2014  ApJ  792  30 
 6.517e+13, 1.002e-12, 5.525e-14,  59416.9727,  59416.9727,  ,NEOWISE    ,  Mainzer et al. 2014  ApJ  792  30 
 8.817e+13, 1.073e-12, 4.150e-14,  59416.7773,  59416.7773,  ,NEOWISE    ,  Mainzer et al. 2014  ApJ  792  30 
 6.517e+13, 9.067e-13, 5.430e-14,  59416.7773,  59416.7773,  ,NEOWISE    ,  Mainzer et al. 2014  ApJ  792  30 
 8.817e+13, 1.140e-12, 4.200e-14,  59417.1016,  59417.1016,  ,NEOWISE    ,  Mainzer et al. 2014  ApJ  792  30 
 6.517e+13, 9.075e-13, 8.120e-14,  59417.1016,  59417.1016,  ,NEOWISE    ,  Mainzer et al. 2014  ApJ  792  30 
 8.817e+13, 1.110e-12, 4.300e-14,  59417.2344,  59417.2344,  ,NEOWISE    ,  Mainzer et al. 2014  ApJ  792  30 
 6.517e+13, 9.407e-13, 5.375e-14,  59417.2344,  59417.2344,  ,NEOWISE    ,  Mainzer et al. 2014  ApJ  792  30 
 8.817e+13, 1.012e-12, 3.815e-14,  59416.8398,  59416.8398,  ,NEOWISE    ,  Mainzer et al. 2014  ApJ  792  30 
 6.517e+13, 1.041e-12, 5.270e-14,  59416.8398,  59416.8398,  ,NEOWISE    ,  Mainzer et al. 2014  ApJ  792  30 
 8.817e+13, 1.032e-12, 4.775e-14,  59417.2344,  59417.2344,  ,NEOWISE    ,  Mainzer et al. 2014  ApJ  792  30 
 6.517e+13, 8.715e-13, 5.705e-14,  59417.2344,  59417.2344,  ,NEOWISE    ,  Mainzer et al. 2014  ApJ  792  30 
 8.817e+13, 9.729e-13, 6.705e-14,  59416.7109,  59416.7109,  ,NEOWISE    ,  Mainzer et al. 2014  ApJ  792  30 
 6.517e+13, 1.059e-12, 6.645e-14,  59416.7109,  59416.7109,  ,NEOWISE    ,  Mainzer et al. 2014  ApJ  792  30 
 8.817e+13, 1.088e-12, 3.900e-14,  59416.3828,  59416.3828,  ,NEOWISE    ,  Mainzer et al. 2014  ApJ  792  30 
 6.517e+13, 9.529e-13, 5.175e-14,  59416.3828,  59416.3828,  ,NEOWISE    ,  Mainzer et al. 2014  ApJ  792  30 
 8.817e+13, 1.117e-12, 4.700e-14,  59416.6445,  59416.6445,  ,NEOWISE    ,  Mainzer et al. 2014  ApJ  792  30 
 6.517e+13, 1.141e-12, 6.550e-14,  59416.6445,  59416.6445,  ,NEOWISE    ,  Mainzer et al. 2014  ApJ  792  30 
 8.817e+13, 1.028e-12, 4.090e-14,  59416.7109,  59416.7109,  ,NEOWISE    ,  Mainzer et al. 2014  ApJ  792  30 
 6.517e+13, 9.832e-13, 4.875e-14,  59416.7109,  59416.7109,  ,NEOWISE    ,  Mainzer et al. 2014  ApJ  792  30 
 8.817e+13, 1.136e-12, 5.500e-14,  59416.9727,  59416.9727,  ,NEOWISE    ,  Mainzer et al. 2014  ApJ  792  30 
 6.517e+13, 9.058e-13, 5.340e-14,  59416.9727,  59416.9727,  ,NEOWISE    ,  Mainzer et al. 2014  ApJ  792  30 
 8.817e+13, 2.080e-12, 5.350e-14,  57037.4453,  57037.4453,  ,NEOWISE    ,  Mainzer et al. 2014  ApJ  792  30 
 6.517e+13, 1.901e-12, 6.450e-14,  57037.4453,  57037.4453,  ,NEOWISE    ,  Mainzer et al. 2014  ApJ  792  30 
 8.817e+13, 1.936e-12, 4.850e-14,  57038.0391,  57038.0391,  ,NEOWISE    ,  Mainzer et al. 2014  ApJ  792  30 
 6.517e+13, 1.791e-12, 5.950e-14,  57038.0391,  57038.0391,  ,NEOWISE    ,  Mainzer et al. 2014  ApJ  792  30 
 8.817e+13, 1.886e-12, 6.250e-14,  57037.7734,  57037.7734,  ,NEOWISE    ,  Mainzer et al. 2014  ApJ  792  30 
 6.517e+13, 1.781e-12, 6.400e-14,  57037.7734,  57037.7734,  ,NEOWISE    ,  Mainzer et al. 2014  ApJ  792  30 
 8.817e+13, 1.867e-12, 5.350e-14,  57037.7109,  57037.7109,  ,NEOWISE    ,  Mainzer et al. 2014  ApJ  792  30 
 6.517e+13, 1.817e-12, 5.850e-14,  57037.7109,  57037.7109,  ,NEOWISE    ,  Mainzer et al. 2014  ApJ  792  30 
 8.817e+13, 2.050e-12, 5.300e-14,  57037.7109,  57037.7109,  ,NEOWISE    ,  Mainzer et al. 2014  ApJ  792  30 
 6.517e+13, 1.791e-12, 6.800e-14,  57037.7109,  57037.7109,  ,NEOWISE    ,  Mainzer et al. 2014  ApJ  792  30 
 8.817e+13, 1.954e-12, 5.050e-14,  57037.8398,  57037.8398,  ,NEOWISE    ,  Mainzer et al. 2014  ApJ  792  30 
 6.517e+13, 1.831e-12, 6.750e-14,  57037.8398,  57037.8398,  ,NEOWISE    ,  Mainzer et al. 2014  ApJ  792  30 
 8.817e+13, 1.862e-12, 4.600e-14,  57038.1680,  57038.1680,  ,NEOWISE    ,  Mainzer et al. 2014  ApJ  792  30 
 6.517e+13, 1.755e-12, 5.650e-14,  57038.1680,  57038.1680,  ,NEOWISE    ,  Mainzer et al. 2014  ApJ  792  30 
 8.817e+13, 1.822e-12, 6.050e-14,  57037.9062,  57037.9062,  ,NEOWISE    ,  Mainzer et al. 2014  ApJ  792  30 
 6.517e+13, 1.838e-12, 5.950e-14,  57037.9062,  57037.9062,  ,NEOWISE    ,  Mainzer et al. 2014  ApJ  792  30 
 8.817e+13, 2.001e-12, 5.700e-14,  57037.6445,  57037.6445,  ,NEOWISE    ,  Mainzer et al. 2014  ApJ  792  30 
 6.517e+13, 1.873e-12, 6.250e-14,  57037.6445,  57037.6445,  ,NEOWISE    ,  Mainzer et al. 2014  ApJ  792  30 
 8.817e+13, 1.972e-12, 5.450e-14,  57037.7734,  57037.7734,  ,NEOWISE    ,  Mainzer et al. 2014  ApJ  792  30 
 6.517e+13, 1.807e-12, 6.000e-14,  57037.7734,  57037.7734,  ,NEOWISE    ,  Mainzer et al. 2014  ApJ  792  30 
 8.817e+13, 2.196e-12, 6.100e-14,  57037.5781,  57037.5781,  ,NEOWISE    ,  Mainzer et al. 2014  ApJ  792  30 
 6.517e+13, 1.946e-12, 7.900e-14,  57037.5781,  57037.5781,  ,NEOWISE    ,  Mainzer et al. 2014  ApJ  792  30 
 8.817e+13, 2.091e-12, 5.200e-14,  58120.6406,  58120.6406,  ,NEOWISE    ,  Mainzer et al. 2014  ApJ  792  30 
 6.517e+13, 1.905e-12, 7.000e-14,  58120.6406,  58120.6406,  ,NEOWISE    ,  Mainzer et al. 2014  ApJ  792  30 
 8.817e+13, 2.115e-12, 5.250e-14,  58120.9023,  58120.9023,  ,NEOWISE    ,  Mainzer et al. 2014  ApJ  792  30 
 6.517e+13, 1.946e-12, 7.000e-14,  58120.9023,  58120.9023,  ,NEOWISE    ,  Mainzer et al. 2014  ApJ  792  30 
 8.817e+13, 2.154e-12, 5.350e-14,  58121.0977,  58121.0977,  ,NEOWISE    ,  Mainzer et al. 2014  ApJ  792  30 
 6.517e+13, 1.974e-12, 6.900e-14,  58121.0977,  58121.0977,  ,NEOWISE    ,  Mainzer et al. 2014  ApJ  792  30 
 8.817e+13, 2.099e-12, 6.400e-14,  58121.2305,  58121.2305,  ,NEOWISE    ,  Mainzer et al. 2014  ApJ  792  30 
 6.517e+13, 2.062e-12, 6.250e-14,  58121.2305,  58121.2305,  ,NEOWISE    ,  Mainzer et al. 2014  ApJ  792  30 
 8.817e+13, 2.051e-12, 5.500e-14,  58120.5078,  58120.5078,  ,NEOWISE    ,  Mainzer et al. 2014  ApJ  792  30 
 6.517e+13, 1.958e-12, 5.950e-14,  58120.5078,  58120.5078,  ,NEOWISE    ,  Mainzer et al. 2014  ApJ  792  30 
 8.817e+13, 2.080e-12, 5.750e-14,  58120.7695,  58120.7695,  ,NEOWISE    ,  Mainzer et al. 2014  ApJ  792  30 
 6.517e+13, 1.995e-12, 6.800e-14,  58120.7695,  58120.7695,  ,NEOWISE    ,  Mainzer et al. 2014  ApJ  792  30 
 8.817e+13, 2.154e-12, 5.550e-14,  58120.9688,  58120.9688,  ,NEOWISE    ,  Mainzer et al. 2014  ApJ  792  30 
 6.517e+13, 2.106e-12, 7.750e-14,  58120.9688,  58120.9688,  ,NEOWISE    ,  Mainzer et al. 2014  ApJ  792  30 
 8.817e+13, 2.040e-12, 5.250e-14,  58121.0312,  58121.0312,  ,NEOWISE    ,  Mainzer et al. 2014  ApJ  792  30 
 6.517e+13, 1.907e-12, 6.650e-14,  58121.0312,  58121.0312,  ,NEOWISE    ,  Mainzer et al. 2014  ApJ  792  30 
 8.817e+13, 2.221e-12, 5.500e-14,  58121.3594,  58121.3594,  ,NEOWISE    ,  Mainzer et al. 2014  ApJ  792  30 
 6.517e+13, 1.993e-12, 6.600e-14,  58121.3594,  58121.3594,  ,NEOWISE    ,  Mainzer et al. 2014  ApJ  792  30 
 8.817e+13, 2.245e-12, 6.200e-14,  58121.4922,  58121.4922,  ,NEOWISE    ,  Mainzer et al. 2014  ApJ  792  30 
 6.517e+13, 2.108e-12, 6.200e-14,  58121.4922,  58121.4922,  ,NEOWISE    ,  Mainzer et al. 2014  ApJ  792  30 
 8.817e+13, 1.286e-12, 4.150e-14,  59052.3555,  59052.3555,  ,NEOWISE    ,  Mainzer et al. 2014  ApJ  792  30 
 6.517e+13, 1.106e-12, 5.700e-14,  59052.3555,  59052.3555,  ,NEOWISE    ,  Mainzer et al. 2014  ApJ  792  30 
 8.817e+13, 1.206e-12, 4.150e-14,  59052.2266,  59052.2266,  ,NEOWISE    ,  Mainzer et al. 2014  ApJ  792  30 
 6.517e+13, 1.336e-12, 6.400e-14,  59052.2266,  59052.2266,  ,NEOWISE    ,  Mainzer et al. 2014  ApJ  792  30 
 8.817e+13, 1.636e-12, 8.900e-14,  58689.1602,  58689.1602,  ,NEOWISE    ,  Mainzer et al. 2014  ApJ  792  30 
 6.517e+13, 2.380e-12, 2.285e-13,  58689.1602,  58689.1602,  ,NEOWISE    ,  Mainzer et al. 2014  ApJ  792  30 
 8.817e+13, 1.540e-12, 4.800e-14,  58685.4961,  58685.4961,  ,NEOWISE    ,  Mainzer et al. 2014  ApJ  792  30 
 6.517e+13, 1.487e-12, 6.450e-14,  58685.4961,  58685.4961,  ,NEOWISE    ,  Mainzer et al. 2014  ApJ  792  30 
 8.817e+13, 1.674e-12, 1.020e-13,  58685.7578,  58685.7578,  ,NEOWISE    ,  Mainzer et al. 2014  ApJ  792  30 
 6.517e+13, 1.363e-12, 6.300e-14,  58685.7578,  58685.7578,  ,NEOWISE    ,  Mainzer et al. 2014  ApJ  792  30 
 8.817e+13, 1.575e-12, 5.200e-14,  58685.8867,  58685.8867,  ,NEOWISE    ,  Mainzer et al. 2014  ApJ  792  30 
 6.517e+13, 1.579e-12, 7.400e-14,  58685.8867,  58685.8867,  ,NEOWISE    ,  Mainzer et al. 2014  ApJ  792  30 
 8.817e+13, 1.552e-12, 5.600e-14,  58686.0195,  58686.0195,  ,NEOWISE    ,  Mainzer et al. 2014  ApJ  792  30 
 6.517e+13, 1.382e-12, 8.000e-14,  58686.0195,  58686.0195,  ,NEOWISE    ,  Mainzer et al. 2014  ApJ  792  30 
 8.817e+13, 1.631e-12, 5.250e-14,  58685.5625,  58685.5625,  ,NEOWISE    ,  Mainzer et al. 2014  ApJ  792  30 
 6.517e+13, 1.464e-12, 6.200e-14,  58685.5625,  58685.5625,  ,NEOWISE    ,  Mainzer et al. 2014  ApJ  792  30 
 8.817e+13, 1.565e-12, 4.650e-14,  58685.6250,  58685.6250,  ,NEOWISE    ,  Mainzer et al. 2014  ApJ  792  30 
 6.517e+13, 1.568e-12, 6.650e-14,  58685.6250,  58685.6250,  ,NEOWISE    ,  Mainzer et al. 2014  ApJ  792  30 
 8.817e+13, 1.579e-12, 4.900e-14,  58685.7578,  58685.7578,  ,NEOWISE    ,  Mainzer et al. 2014  ApJ  792  30 
 6.517e+13, 1.598e-12, 9.750e-14,  58685.7578,  58685.7578,  ,NEOWISE    ,  Mainzer et al. 2014  ApJ  792  30 
 8.817e+13, 1.405e-12, 6.100e-14,  58689.3555,  58689.3555,  ,NEOWISE    ,  Mainzer et al. 2014  ApJ  792  30 
 6.517e+13, 1.179e-12, 1.240e-13,  58689.3555,  58689.3555,  ,NEOWISE    ,  Mainzer et al. 2014  ApJ  792  30 
 8.817e+13, 1.397e-12, 5.000e-14,  57397.9492,  57397.9492,  ,NEOWISE    ,  Mainzer et al. 2014  ApJ  792  30 
 6.517e+13, 1.412e-12, 5.500e-14,  57397.9492,  57397.9492,  ,NEOWISE    ,  Mainzer et al. 2014  ApJ  792  30 
 8.817e+13, 1.393e-12, 4.200e-14,  57398.8008,  57398.8008,  ,NEOWISE    ,  Mainzer et al. 2014  ApJ  792  30 
 6.517e+13, 1.194e-12, 5.150e-14,  57398.8008,  57398.8008,  ,NEOWISE    ,  Mainzer et al. 2014  ApJ  792  30 
 8.817e+13, 1.241e-12, 4.100e-14,  57398.0820,  57398.0820,  ,NEOWISE    ,  Mainzer et al. 2014  ApJ  792  30 
 6.517e+13, 1.356e-12, 6.150e-14,  57398.0820,  57398.0820,  ,NEOWISE    ,  Mainzer et al. 2014  ApJ  792  30 
 8.817e+13, 1.318e-12, 4.400e-14,  57398.2773,  57398.2773,  ,NEOWISE    ,  Mainzer et al. 2014  ApJ  792  30 
 6.517e+13, 1.356e-12, 5.100e-14,  57398.2773,  57398.2773,  ,NEOWISE    ,  Mainzer et al. 2014  ApJ  792  30 
 8.817e+13, 1.428e-12, 4.850e-14,  57398.5391,  57398.5391,  ,NEOWISE    ,  Mainzer et al. 2014  ApJ  792  30 
 6.517e+13, 1.250e-12, 5.150e-14,  57398.5391,  57398.5391,  ,NEOWISE    ,  Mainzer et al. 2014  ApJ  792  30 
 8.817e+13, 1.365e-12, 4.150e-14,  57398.6719,  57398.6719,  ,NEOWISE    ,  Mainzer et al. 2014  ApJ  792  30 
 6.517e+13, 1.182e-12, 4.900e-14,  57398.6719,  57398.6719,  ,NEOWISE    ,  Mainzer et al. 2014  ApJ  792  30 
 8.817e+13, 1.391e-12, 4.350e-14,  57398.2109,  57398.2109,  ,NEOWISE    ,  Mainzer et al. 2014  ApJ  792  30 
 6.517e+13, 1.323e-12, 8.050e-14,  57398.2109,  57398.2109,  ,NEOWISE    ,  Mainzer et al. 2014  ApJ  792  30 
 8.817e+13, 1.303e-12, 4.050e-14,  57398.3438,  57398.3438,  ,NEOWISE    ,  Mainzer et al. 2014  ApJ  792  30 
 6.517e+13, 1.281e-12, 5.050e-14,  57398.3438,  57398.3438,  ,NEOWISE    ,  Mainzer et al. 2014  ApJ  792  30 
 8.817e+13, 1.343e-12, 4.800e-14,  57398.4062,  57398.4062,  ,NEOWISE    ,  Mainzer et al. 2014  ApJ  792  30 
 6.517e+13, 1.192e-12, 5.200e-14,  57398.4062,  57398.4062,  ,NEOWISE    ,  Mainzer et al. 2014  ApJ  792  30 
 8.817e+13, 1.327e-12, 4.550e-14,  57398.4062,  57398.4062,  ,NEOWISE    ,  Mainzer et al. 2014  ApJ  792  30 
 6.517e+13, 1.264e-12, 5.150e-14,  57398.4062,  57398.4062,  ,NEOWISE    ,  Mainzer et al. 2014  ApJ  792  30 
 8.817e+13, 1.415e-12, 4.300e-14,  57398.4727,  57398.4727,  ,NEOWISE    ,  Mainzer et al. 2014  ApJ  792  30 
 6.517e+13, 1.374e-12, 5.450e-14,  57398.4727,  57398.4727,  ,NEOWISE    ,  Mainzer et al. 2014  ApJ  792  30 
 8.817e+13, 1.349e-12, 4.700e-14,  57226.4102,  57226.4102,  ,NEOWISE    ,  Mainzer et al. 2014  ApJ  792  30 
 6.517e+13, 1.205e-12, 5.450e-14,  57226.4102,  57226.4102,  ,NEOWISE    ,  Mainzer et al. 2014  ApJ  792  30 
 8.817e+13, 1.192e-12, 4.300e-14,  57225.8867,  57225.8867,  ,NEOWISE    ,  Mainzer et al. 2014  ApJ  792  30 
 6.517e+13, 1.269e-12, 5.400e-14,  57225.8867,  57225.8867,  ,NEOWISE    ,  Mainzer et al. 2014  ApJ  792  30 
 8.817e+13, 1.282e-12, 4.500e-14,  57225.9492,  57225.9492,  ,NEOWISE    ,  Mainzer et al. 2014  ApJ  792  30 
 6.517e+13, 1.176e-12, 6.200e-14,  57225.9492,  57225.9492,  ,NEOWISE    ,  Mainzer et al. 2014  ApJ  792  30 
 8.817e+13, 2.142e-12, 5.900e-14,  57757.8516,  57757.8516,  ,NEOWISE    ,  Mainzer et al. 2014  ApJ  792  30 
 6.517e+13, 2.153e-12, 6.950e-14,  57757.8516,  57757.8516,  ,NEOWISE    ,  Mainzer et al. 2014  ApJ  792  30 
 8.817e+13, 2.121e-12, 5.650e-14,  57757.3945,  57757.3945,  ,NEOWISE    ,  Mainzer et al. 2014  ApJ  792  30 
 6.517e+13, 2.189e-12, 9.700e-14,  57757.3945,  57757.3945,  ,NEOWISE    ,  Mainzer et al. 2014  ApJ  792  30 
 8.817e+13, 2.140e-12, 5.900e-14,  57757.7227,  57757.7227,  ,NEOWISE    ,  Mainzer et al. 2014  ApJ  792  30 
 6.517e+13, 2.129e-12, 7.450e-14,  57757.7227,  57757.7227,  ,NEOWISE    ,  Mainzer et al. 2014  ApJ  792  30 
 8.817e+13, 2.227e-12, 6.350e-14,  57757.5898,  57757.5898,  ,NEOWISE    ,  Mainzer et al. 2014  ApJ  792  30 
 6.517e+13, 2.173e-12, 6.800e-14,  57757.5898,  57757.5898,  ,NEOWISE    ,  Mainzer et al. 2014  ApJ  792  30 
 8.817e+13, 2.239e-12, 5.750e-14,  57757.6562,  57757.6562,  ,NEOWISE    ,  Mainzer et al. 2014  ApJ  792  30 
 6.517e+13, 2.163e-12, 6.400e-14,  57757.6562,  57757.6562,  ,NEOWISE    ,  Mainzer et al. 2014  ApJ  792  30 
 8.817e+13, 2.433e-12, 1.055e-13,  57760.2773,  57760.2773,  ,NEOWISE    ,  Mainzer et al. 2014  ApJ  792  30 
 6.517e+13, 3.378e-12, 4.085e-13,  57760.2773,  57760.2773,  ,NEOWISE    ,  Mainzer et al. 2014  ApJ  792  30 
 8.817e+13, 1.256e-12, 5.608e-13,  57760.3398,  57760.3398,  ,NEOWISE    ,  Mainzer et al. 2014  ApJ  792  30 
 6.517e+13, 2.830e-12, 5.085e-13,  57760.3398,  57760.3398,  ,NEOWISE    ,  Mainzer et al. 2014  ApJ  792  30 
 8.817e+13, 2.130e-12, 6.650e-14,  57757.1328,  57757.1328,  ,NEOWISE    ,  Mainzer et al. 2014  ApJ  792  30 
 6.517e+13, 2.039e-12, 6.600e-14,  57757.1328,  57757.1328,  ,NEOWISE    ,  Mainzer et al. 2014  ApJ  792  30 
 8.817e+13, 2.093e-12, 6.000e-14,  57757.1328,  57757.1328,  ,NEOWISE    ,  Mainzer et al. 2014  ApJ  792  30 
 6.517e+13, 2.060e-12, 6.450e-14,  57757.1328,  57757.1328,  ,NEOWISE    ,  Mainzer et al. 2014  ApJ  792  30 
 8.817e+13, 2.010e-12, 6.650e-14,  57757.2617,  57757.2617,  ,NEOWISE    ,  Mainzer et al. 2014  ApJ  792  30 
 6.517e+13, 2.004e-12, 7.200e-14,  57757.2617,  57757.2617,  ,NEOWISE    ,  Mainzer et al. 2014  ApJ  792  30 
 8.817e+13, 2.174e-12, 5.800e-14,  57757.4609,  57757.4609,  ,NEOWISE    ,  Mainzer et al. 2014  ApJ  792  30 
 6.517e+13, 2.118e-12, 6.450e-14,  57757.4609,  57757.4609,  ,NEOWISE    ,  Mainzer et al. 2014  ApJ  792  30 
 8.817e+13, 2.256e-12, 6.050e-14,  57757.5273,  57757.5273,  ,NEOWISE    ,  Mainzer et al. 2014  ApJ  792  30 
 6.517e+13, 2.081e-12, 7.650e-14,  57757.5273,  57757.5273,  ,NEOWISE    ,  Mainzer et al. 2014  ApJ  792  30 
 8.817e+13, 2.138e-12, 5.300e-14,  57757.9844,  57757.9844,  ,NEOWISE    ,  Mainzer et al. 2014  ApJ  792  30 
 6.517e+13, 1.928e-12, 6.050e-14,  57757.9844,  57757.9844,  ,NEOWISE    ,  Mainzer et al. 2014  ApJ  792  30 
 8.817e+13, 1.396e-12, 4.350e-14,  59577.3672,  59577.3672,  ,NEOWISE    ,  Mainzer et al. 2014  ApJ  792  30 
 6.517e+13, 1.284e-12, 6.600e-14,  59577.3672,  59577.3672,  ,NEOWISE    ,  Mainzer et al. 2014  ApJ  792  30 
 8.817e+13, 1.388e-12, 5.100e-14,  59576.7812,  59576.7812,  ,NEOWISE    ,  Mainzer et al. 2014  ApJ  792  30 
 6.517e+13, 1.294e-12, 6.100e-14,  59576.7812,  59576.7812,  ,NEOWISE    ,  Mainzer et al. 2014  ApJ  792  30 
 8.817e+13, 1.367e-12, 4.250e-14,  59577.1719,  59577.1719,  ,NEOWISE    ,  Mainzer et al. 2014  ApJ  792  30 
 6.517e+13, 1.193e-12, 5.500e-14,  59577.1719,  59577.1719,  ,NEOWISE    ,  Mainzer et al. 2014  ApJ  792  30 
 8.817e+13, 1.418e-12, 5.750e-14,  59577.7617,  59577.7617,  ,NEOWISE    ,  Mainzer et al. 2014  ApJ  792  30 
 6.517e+13, 1.334e-12, 5.300e-14,  59577.7617,  59577.7617,  ,NEOWISE    ,  Mainzer et al. 2014  ApJ  792  30 
 8.817e+13, 1.291e-12, 4.850e-14,  59576.9102,  59576.9102,  ,NEOWISE    ,  Mainzer et al. 2014  ApJ  792  30 
 6.517e+13, 1.200e-12, 5.900e-14,  59576.9102,  59576.9102,  ,NEOWISE    ,  Mainzer et al. 2014  ApJ  792  30 
 8.817e+13, 1.364e-12, 4.150e-14,  59577.0430,  59577.0430,  ,NEOWISE    ,  Mainzer et al. 2014  ApJ  792  30 
 6.517e+13, 1.288e-12, 5.200e-14,  59577.0430,  59577.0430,  ,NEOWISE    ,  Mainzer et al. 2014  ApJ  792  30 
 8.817e+13, 1.400e-12, 4.350e-14,  59577.1094,  59577.1094,  ,NEOWISE    ,  Mainzer et al. 2014  ApJ  792  30 
 6.517e+13, 1.300e-12, 6.100e-14,  59577.1094,  59577.1094,  ,NEOWISE    ,  Mainzer et al. 2014  ApJ  792  30 
 8.817e+13, 1.383e-12, 4.450e-14,  59577.2383,  59577.2383,  ,NEOWISE    ,  Mainzer et al. 2014  ApJ  792  30 
 6.517e+13, 1.181e-12, 5.200e-14,  59577.2383,  59577.2383,  ,NEOWISE    ,  Mainzer et al. 2014  ApJ  792  30 
 8.817e+13, 1.388e-12, 4.200e-14,  59577.3047,  59577.3047,  ,NEOWISE    ,  Mainzer et al. 2014  ApJ  792  30 
 6.517e+13, 1.318e-12, 5.100e-14,  59577.3047,  59577.3047,  ,NEOWISE    ,  Mainzer et al. 2014  ApJ  792  30 
 8.817e+13, 1.388e-12, 4.600e-14,  59577.6289,  59577.6289,  ,NEOWISE    ,  Mainzer et al. 2014  ApJ  792  30 
 6.517e+13, 1.224e-12, 5.100e-14,  59577.6289,  59577.6289,  ,NEOWISE    ,  Mainzer et al. 2014  ApJ  792  30 
 8.817e+13, 1.450e-12, 4.800e-14,  59577.7617,  59577.7617,  ,NEOWISE    ,  Mainzer et al. 2014  ApJ  792  30 
 6.517e+13, 1.321e-12, 5.350e-14,  59577.7617,  59577.7617,  ,NEOWISE    ,  Mainzer et al. 2014  ApJ  792  30 
 8.817e+13, 1.395e-12, 4.250e-14,  59577.5000,  59577.5000,  ,NEOWISE    ,  Mainzer et al. 2014  ApJ  792  30 
 6.517e+13, 1.238e-12, 6.850e-14,  59577.5000,  59577.5000,  ,NEOWISE    ,  Mainzer et al. 2014  ApJ  792  30 
 8.817e+13, 2.323e-12, 5.550e-14,  58321.1953,  58321.1953,  ,NEOWISE    ,  Mainzer et al. 2014  ApJ  792  30 
 6.517e+13, 2.193e-12, 7.250e-14,  58321.1953,  58321.1953,  ,NEOWISE    ,  Mainzer et al. 2014  ApJ  792  30 
 8.817e+13, 2.184e-12, 6.600e-14,  58321.5898,  58321.5898,  ,NEOWISE    ,  Mainzer et al. 2014  ApJ  792  30 
 6.517e+13, 2.143e-12, 6.900e-14,  58321.5898,  58321.5898,  ,NEOWISE    ,  Mainzer et al. 2014  ApJ  792  30 
 8.817e+13, 2.355e-12, 6.750e-14,  58321.2617,  58321.2617,  ,NEOWISE    ,  Mainzer et al. 2014  ApJ  792  30 
 6.517e+13, 2.232e-12, 7.400e-14,  58321.2617,  58321.2617,  ,NEOWISE    ,  Mainzer et al. 2014  ApJ  792  30 
 8.817e+13, 2.401e-12, 6.200e-14,  58321.3906,  58321.3906,  ,NEOWISE    ,  Mainzer et al. 2014  ApJ  792  30 
 6.517e+13, 2.324e-12, 9.000e-14,  58321.3906,  58321.3906,  ,NEOWISE    ,  Mainzer et al. 2014  ApJ  792  30 
 8.817e+13, 2.510e-12, 7.200e-14,  58321.0000,  58321.0000,  ,NEOWISE    ,  Mainzer et al. 2014  ApJ  792  30 
 6.517e+13, 2.356e-12, 8.050e-14,  58321.0000,  58321.0000,  ,NEOWISE    ,  Mainzer et al. 2014  ApJ  792  30 
 8.817e+13, 2.317e-12, 6.450e-14,  58321.1289,  58321.1289,  ,NEOWISE    ,  Mainzer et al. 2014  ApJ  792  30 
 6.517e+13, 2.232e-12, 8.000e-14,  58321.1289,  58321.1289,  ,NEOWISE    ,  Mainzer et al. 2014  ApJ  792  30 
 8.817e+13, 2.360e-12, 6.550e-14,  58321.3281,  58321.3281,  ,NEOWISE    ,  Mainzer et al. 2014  ApJ  792  30 
 6.517e+13, 2.213e-12, 7.550e-14,  58321.3281,  58321.3281,  ,NEOWISE    ,  Mainzer et al. 2014  ApJ  792  30 
 8.817e+13, 2.426e-12, 6.050e-14,  58321.4570,  58321.4570,  ,NEOWISE    ,  Mainzer et al. 2014  ApJ  792  30 
 6.517e+13, 2.137e-12, 6.900e-14,  58321.4570,  58321.4570,  ,NEOWISE    ,  Mainzer et al. 2014  ApJ  792  30 
 8.817e+13, 2.415e-12, 6.650e-14,  58321.5898,  58321.5898,  ,NEOWISE    ,  Mainzer et al. 2014  ApJ  792  30 
 6.517e+13, 2.201e-12, 8.100e-14,  58321.5898,  58321.5898,  ,NEOWISE    ,  Mainzer et al. 2014  ApJ  792  30 
 8.817e+13, 2.276e-12, 6.100e-14,  58321.7188,  58321.7188,  ,NEOWISE    ,  Mainzer et al. 2014  ApJ  792  30 
 6.517e+13, 2.129e-12, 7.250e-14,  58321.7188,  58321.7188,  ,NEOWISE    ,  Mainzer et al. 2014  ApJ  792  30 
 8.817e+13, 2.218e-12, 5.700e-14,  58321.8516,  58321.8516,  ,NEOWISE    ,  Mainzer et al. 2014  ApJ  792  30 
 6.517e+13, 2.123e-12, 6.450e-14,  58321.8516,  58321.8516,  ,NEOWISE    ,  Mainzer et al. 2014  ApJ  792  30 
 8.817e+13, 2.512e-12, 6.000e-14,  58320.8672,  58320.8672,  ,NEOWISE    ,  Mainzer et al. 2014  ApJ  792  30 
 6.517e+13, 2.398e-12, 7.750e-14,  58320.8672,  58320.8672,  ,NEOWISE    ,  Mainzer et al. 2014  ApJ  792  30 
 8.817e+13, 1.515e-12, 1.035e-13,  57404.5703,  57404.5703,  ,NEOWISE    ,  Mainzer et al. 2014  ApJ  792  30 
 6.517e+13, 1.797e-12, 3.480e-13,  57404.5703,  57404.5703,  ,NEOWISE    ,  Mainzer et al. 2014  ApJ  792  30 
 8.817e+13, 1.637e-12, 4.850e-14,  58685.3008,  58685.3008,  ,NEOWISE    ,  Mainzer et al. 2014  ApJ  792  30 
 6.517e+13, 1.548e-12, 6.450e-14,  58685.3008,  58685.3008,  ,NEOWISE    ,  Mainzer et al. 2014  ApJ  792  30 
 8.817e+13, 1.642e-12, 5.450e-14,  58685.4297,  58685.4297,  ,NEOWISE    ,  Mainzer et al. 2014  ApJ  792  30 
 6.517e+13, 1.481e-12, 7.950e-14,  58685.4297,  58685.4297,  ,NEOWISE    ,  Mainzer et al. 2014  ApJ  792  30 
 8.817e+13, 1.646e-12, 4.850e-14,  58685.3633,  58685.3633,  ,NEOWISE    ,  Mainzer et al. 2014  ApJ  792  30 
 6.517e+13, 1.524e-12, 6.450e-14,  58685.3633,  58685.3633,  ,NEOWISE    ,  Mainzer et al. 2014  ApJ  792  30 
 8.817e+13, 1.585e-12, 4.550e-14,  58685.1680,  58685.1680,  ,NEOWISE    ,  Mainzer et al. 2014  ApJ  792  30 
 6.517e+13, 1.460e-12, 6.700e-14,  58685.1680,  58685.1680,  ,NEOWISE    ,  Mainzer et al. 2014  ApJ  792  30 
 8.817e+13, 1.550e-12, 4.700e-14,  58685.0391,  58685.0391,  ,NEOWISE    ,  Mainzer et al. 2014  ApJ  792  30 
 6.517e+13, 1.428e-12, 5.500e-14,  58685.0391,  58685.0391,  ,NEOWISE    ,  Mainzer et al. 2014  ApJ  792  30 
 8.817e+13, 1.820e-12, 4.850e-14,  58846.3164,  58846.3164,  ,NEOWISE    ,  Mainzer et al. 2014  ApJ  792  30 
 6.517e+13, 1.560e-12, 6.000e-14,  58846.3164,  58846.3164,  ,NEOWISE    ,  Mainzer et al. 2014  ApJ  792  30 
 8.817e+13, 1.780e-12, 4.750e-14,  58846.4492,  58846.4492,  ,NEOWISE    ,  Mainzer et al. 2014  ApJ  792  30 
 6.517e+13, 1.635e-12, 5.450e-14,  58846.4492,  58846.4492,  ,NEOWISE    ,  Mainzer et al. 2014  ApJ  792  30 
 8.817e+13, 1.176e-12, 4.400e-14,  59784.1523,  59784.1523,  ,NEOWISE    ,  Mainzer et al. 2014  ApJ  792  30 
 6.517e+13, 1.046e-12, 7.630e-14,  59784.1523,  59784.1523,  ,NEOWISE    ,  Mainzer et al. 2014  ApJ  792  30 
 8.817e+13, 1.303e-12, 4.550e-14,  59783.4375,  59783.4375,  ,NEOWISE    ,  Mainzer et al. 2014  ApJ  792  30 
 6.517e+13, 1.225e-12, 7.450e-14,  59783.4375,  59783.4375,  ,NEOWISE    ,  Mainzer et al. 2014  ApJ  792  30 
 8.817e+13, 1.194e-12, 4.150e-14,  59783.5664,  59783.5664,  ,NEOWISE    ,  Mainzer et al. 2014  ApJ  792  30 
 6.517e+13, 1.142e-12, 5.350e-14,  59783.5664,  59783.5664,  ,NEOWISE    ,  Mainzer et al. 2014  ApJ  792  30 
 8.817e+13, 1.154e-12, 5.200e-14,  59783.8281,  59783.8281,  ,NEOWISE    ,  Mainzer et al. 2014  ApJ  792  30 
 6.517e+13, 9.841e-13, 5.160e-14,  59783.8281,  59783.8281,  ,NEOWISE    ,  Mainzer et al. 2014  ApJ  792  30 
 8.817e+13, 1.192e-12, 4.400e-14,  59783.8281,  59783.8281,  ,NEOWISE    ,  Mainzer et al. 2014  ApJ  792  30 
 6.517e+13, 1.192e-12, 8.250e-14,  59783.8281,  59783.8281,  ,NEOWISE    ,  Mainzer et al. 2014  ApJ  792  30 
 8.817e+13, 1.171e-12, 4.450e-14,  59784.0234,  59784.0234,  ,NEOWISE    ,  Mainzer et al. 2014  ApJ  792  30 
 6.517e+13, 1.142e-12, 6.650e-14,  59784.0234,  59784.0234,  ,NEOWISE    ,  Mainzer et al. 2014  ApJ  792  30 
 8.817e+13, 1.158e-12, 4.500e-14,  59784.0898,  59784.0898,  ,NEOWISE    ,  Mainzer et al. 2014  ApJ  792  30 
 6.517e+13, 1.034e-12, 5.525e-14,  59784.0898,  59784.0898,  ,NEOWISE    ,  Mainzer et al. 2014  ApJ  792  30 
 8.817e+13, 1.125e-12, 4.450e-14,  59784.4141,  59784.4141,  ,NEOWISE    ,  Mainzer et al. 2014  ApJ  792  30 
 6.517e+13, 1.036e-12, 7.620e-14,  59784.4141,  59784.4141,  ,NEOWISE    ,  Mainzer et al. 2014  ApJ  792  30 
 8.817e+13, 1.127e-12, 4.250e-14,  59784.2852,  59784.2852,  ,NEOWISE    ,  Mainzer et al. 2014  ApJ  792  30 
 6.517e+13, 9.679e-13, 4.985e-14,  59784.2852,  59784.2852,  ,NEOWISE    ,  Mainzer et al. 2014  ApJ  792  30 
 8.817e+13, 1.256e-12, 4.650e-14,  59783.8906,  59783.8906,  ,NEOWISE    ,  Mainzer et al. 2014  ApJ  792  30 
 6.517e+13, 1.152e-12, 5.650e-14,  59783.8906,  59783.8906,  ,NEOWISE    ,  Mainzer et al. 2014  ApJ  792  30 
 8.817e+13, 1.141e-12, 4.500e-14,  59784.0898,  59784.0898,  ,NEOWISE    ,  Mainzer et al. 2014  ApJ  792  30 
 6.517e+13, 1.131e-12, 5.300e-14,  59784.0898,  59784.0898,  ,NEOWISE    ,  Mainzer et al. 2014  ApJ  792  30 
 8.817e+13, 1.113e-12, 4.300e-14,  59783.9570,  59783.9570,  ,NEOWISE    ,  Mainzer et al. 2014  ApJ  792  30 
 6.517e+13, 1.078e-12, 5.850e-14,  59783.9570,  59783.9570,  ,NEOWISE    ,  Mainzer et al. 2014  ApJ  792  30 
 8.817e+13, 1.689e-12, 8.850e-14,  59780.4336,  59780.4336,  ,NEOWISE    ,  Mainzer et al. 2014  ApJ  792  30 
 6.517e+13, 2.069e-12, 2.640e-13,  59780.4336,  59780.4336,  ,NEOWISE    ,  Mainzer et al. 2014  ApJ  792  30 
 8.817e+13, 1.244e-12, 4.250e-14,  59783.6953,  59783.6953,  ,NEOWISE    ,  Mainzer et al. 2014  ApJ  792  30 
 6.517e+13, 8.869e-13, 6.870e-14,  59783.6953,  59783.6953,  ,NEOWISE    ,  Mainzer et al. 2014  ApJ  792  30 
 8.817e+13, 4.631e-12, 1.070e-13,  55212.2500,  55212.2500,  ,WISEME    ,  Wright et al. 2010  AJ  140  1868 
 6.517e+13, 4.372e-12, 1.130e-13,  55212.2500,  55212.2500,  ,WISEME    ,  Wright et al. 2010  AJ  140  1868 
 2.498e+13, 2.696e-12, 1.315e-13,  55212.2500,  55212.2500,  ,WISEME    ,  Wright et al. 2010  AJ  140  1868 
 1.363e+13, 3.269e-12, 4.320e-13,  55212.2500,  55212.2500,  ,WISEME    ,  Wright et al. 2010  AJ  140  1868 
 8.817e+13, 4.593e-12, 1.060e-13,  55211.5234,  55211.5234,  ,WISEME    ,  Wright et al. 2010  AJ  140  1868 
 6.517e+13, 4.629e-12, 1.065e-13,  55211.5234,  55211.5234,  ,WISEME    ,  Wright et al. 2010  AJ  140  1868 
 2.498e+13, 3.212e-12, 1.305e-13,  55211.5234,  55211.5234,  ,WISEME    ,  Wright et al. 2010  AJ  140  1868 
 1.363e+13, 3.667e-12, 4.605e-13,  55211.5234,  55211.5234,  ,WISEME    ,  Wright et al. 2010  AJ  140  1868 
 8.817e+13, 4.831e-12, 9.350e-14,  55211.6562,  55211.6562,  ,WISEME    ,  Wright et al. 2010  AJ  140  1868 
 6.517e+13, 4.532e-12, 1.045e-13,  55211.6562,  55211.6562,  ,WISEME    ,  Wright et al. 2010  AJ  140  1868 
 2.498e+13, 3.033e-12, 1.425e-13,  55211.6562,  55211.6562,  ,WISEME    ,  Wright et al. 2010  AJ  140  1868 
 1.363e+13, 3.101e-12, 4.560e-13,  55211.6562,  55211.6562,  ,WISEME    ,  Wright et al. 2010  AJ  140  1868 
 8.817e+13, 4.813e-12, 1.150e-13,  55211.7891,  55211.7891,  ,WISEME    ,  Wright et al. 2010  AJ  140  1868 
 6.517e+13, 4.474e-12, 1.070e-13,  55211.7891,  55211.7891,  ,WISEME    ,  Wright et al. 2010  AJ  140  1868 
 2.498e+13, 3.081e-12, 1.395e-13,  55211.7891,  55211.7891,  ,WISEME    ,  Wright et al. 2010  AJ  140  1868 
 1.363e+13, 2.694e-12, 4.185e-13,  55211.7891,  55211.7891,  ,WISEME    ,  Wright et al. 2010  AJ  140  1868 
 8.817e+13, 4.631e-12, 1.110e-13,  55212.1211,  55212.1211,  ,WISEME    ,  Wright et al. 2010  AJ  140  1868 
 6.517e+13, 4.453e-12, 1.025e-13,  55212.1211,  55212.1211,  ,WISEME    ,  Wright et al. 2010  AJ  140  1868 
 2.498e+13, 3.165e-12, 1.400e-13,  55212.1211,  55212.1211,  ,WISEME    ,  Wright et al. 2010  AJ  140  1868 
 1.363e+13, 2.452e-12, 4.475e-13,  55212.1211,  55212.1211,  ,WISEME    ,  Wright et al. 2010  AJ  140  1868 
 8.817e+13, 4.695e-12, 1.125e-13,  55211.9883,  55211.9883,  ,WISEME    ,  Wright et al. 2010  AJ  140  1868 
 6.517e+13, 4.511e-12, 9.550e-14,  55211.9883,  55211.9883,  ,WISEME    ,  Wright et al. 2010  AJ  140  1868 
 2.498e+13, 2.870e-12, 1.375e-13,  55211.9883,  55211.9883,  ,WISEME    ,  Wright et al. 2010  AJ  140  1868 
 1.363e+13, 2.921e-12, 4.215e-13,  55211.9883,  55211.9883,  ,WISEME    ,  Wright et al. 2010  AJ  140  1868 
 8.817e+13, 4.700e-12, 1.080e-13,  55212.0547,  55212.0547,  ,WISEME    ,  Wright et al. 2010  AJ  140  1868 
 6.517e+13, 4.404e-12, 1.015e-13,  55212.0547,  55212.0547,  ,WISEME    ,  Wright et al. 2010  AJ  140  1868 
 2.498e+13, 3.073e-12, 1.505e-13,  55212.0547,  55212.0547,  ,WISEME    ,  Wright et al. 2010  AJ  140  1868 
 1.363e+13, 2.491e-12, 6.095e-13,  55212.0547,  55212.0547,  ,WISEME    ,  Wright et al. 2010  AJ  140  1868 
 8.817e+13, 4.584e-12, 1.140e-13,  55212.1211,  55212.1211,  ,WISEME    ,  Wright et al. 2010  AJ  140  1868 
 6.517e+13, 4.316e-12, 1.110e-13,  55212.1211,  55212.1211,  ,WISEME    ,  Wright et al. 2010  AJ  140  1868 
 2.498e+13, 2.881e-12, 1.645e-13,  55212.1211,  55212.1211,  ,WISEME    ,  Wright et al. 2010  AJ  140  1868 
 1.363e+13, 2.427e-12, 5.205e-13,  55212.1211,  55212.1211,  ,WISEME    ,  Wright et al. 2010  AJ  140  1868 
 8.817e+13, 4.845e-12, 1.070e-13,  55211.9219,  55211.9219,  ,WISEME    ,  Wright et al. 2010  AJ  140  1868 
 6.517e+13, 4.474e-12, 9.450e-14,  55211.9219,  55211.9219,  ,WISEME    ,  Wright et al. 2010  AJ  140  1868 
 2.498e+13, 3.053e-12, 1.405e-13,  55211.9219,  55211.9219,  ,WISEME    ,  Wright et al. 2010  AJ  140  1868 
 1.363e+13, 3.036e-12, 4.350e-13,  55211.9219,  55211.9219,  ,WISEME    ,  Wright et al. 2010  AJ  140  1868 
 8.817e+13, 3.699e-12, 1.125e-13,  55399.1133,  55399.1133,  ,WISEME    ,  Wright et al. 2010  AJ  140  1868 
 6.517e+13, 3.381e-12, 1.120e-13,  55399.1133,  55399.1133,  ,WISEME    ,  Wright et al. 2010  AJ  140  1868 
 2.498e+13, 2.255e-12, 1.520e-13,  55399.1133,  55399.1133,  ,WISEME    ,  Wright et al. 2010  AJ  140  1868 
 1.363e+13, 1.311e-12, 4.297e-13,  55399.1133,  55399.1133,  ,WISEME    ,  Wright et al. 2010  AJ  140  1868 
 8.817e+13, 3.588e-12, 1.025e-13,  55398.9805,  55398.9805,  ,WISEME    ,  Wright et al. 2010  AJ  140  1868 
 6.517e+13, 3.161e-12, 9.350e-14,  55398.9805,  55398.9805,  ,WISEME    ,  Wright et al. 2010  AJ  140  1868 
 2.498e+13, 2.038e-12, 1.615e-13,  55398.9805,  55398.9805,  ,WISEME    ,  Wright et al. 2010  AJ  140  1868 
 1.363e+13, 2.083e-12, 4.215e-13,  55398.9805,  55398.9805,  ,WISEME    ,  Wright et al. 2010  AJ  140  1868 
 8.817e+13, 3.477e-12, 1.090e-13,  55399.2461,  55399.2461,  ,WISEME    ,  Wright et al. 2010  AJ  140  1868 
 6.517e+13, 3.384e-12, 9.350e-14,  55399.2461,  55399.2461,  ,WISEME    ,  Wright et al. 2010  AJ  140  1868 
 2.498e+13, 2.017e-12, 1.375e-13,  55399.2461,  55399.2461,  ,WISEME    ,  Wright et al. 2010  AJ  140  1868 
 1.363e+13, 1.865e-12, 5.040e-13,  55399.2461,  55399.2461,  ,WISEME    ,  Wright et al. 2010  AJ  140  1868 
 8.817e+13, 3.605e-12, 1.030e-13,  55399.3125,  55399.3125,  ,WISEME    ,  Wright et al. 2010  AJ  140  1868 
 6.517e+13, 3.369e-12, 1.085e-13,  55399.3125,  55399.3125,  ,WISEME    ,  Wright et al. 2010  AJ  140  1868 
 2.498e+13, 1.907e-12, 1.445e-13,  55399.3125,  55399.3125,  ,WISEME    ,  Wright et al. 2010  AJ  140  1868 
 1.363e+13, 1.870e-12, 5.920e-13,  55399.3125,  55399.3125,  ,WISEME    ,  Wright et al. 2010  AJ  140  1868 
 8.817e+13, 3.414e-12, 1.070e-13,  55399.3789,  55399.3789,  ,WISEME    ,  Wright et al. 2010  AJ  140  1868 
 6.517e+13, 3.356e-12, 8.350e-14,  55399.3789,  55399.3789,  ,WISEME    ,  Wright et al. 2010  AJ  140  1868 
 2.498e+13, 2.114e-12, 1.365e-13,  55399.3789,  55399.3789,  ,WISEME    ,  Wright et al. 2010  AJ  140  1868 
 1.363e+13, 2.072e-12, 4.755e-13,  55399.3789,  55399.3789,  ,WISEME    ,  Wright et al. 2010  AJ  140  1868 
 8.817e+13, 3.474e-12, 1.120e-13,  55399.4453,  55399.4453,  ,WISEME    ,  Wright et al. 2010  AJ  140  1868 
 6.517e+13, 3.220e-12, 9.500e-14,  55399.4453,  55399.4453,  ,WISEME    ,  Wright et al. 2010  AJ  140  1868 
 2.498e+13, 2.293e-12, 1.420e-13,  55399.4453,  55399.4453,  ,WISEME    ,  Wright et al. 2010  AJ  140  1868 
 1.363e+13, 1.953e-12, 4.575e-13,  55399.4453,  55399.4453,  ,WISEME    ,  Wright et al. 2010  AJ  140  1868 
 8.817e+13, 3.572e-12, 1.415e-13,  55399.5742,  55399.5742,  ,WISEME    ,  Wright et al. 2010  AJ  140  1868 
 6.517e+13, 3.466e-12, 9.550e-14,  55399.5742,  55399.5742,  ,WISEME    ,  Wright et al. 2010  AJ  140  1868 
 2.498e+13, 1.821e-12, 1.445e-13,  55399.5742,  55399.5742,  ,WISEME    ,  Wright et al. 2010  AJ  140  1868 
 1.363e+13, 1.711e-12, 4.605e-13,  55399.5742,  55399.5742,  ,WISEME    ,  Wright et al. 2010  AJ  140  1868 
 8.817e+13, 3.591e-12, 1.090e-13,  55399.7070,  55399.7070,  ,WISEME    ,  Wright et al. 2010  AJ  140  1868 
 6.517e+13, 3.431e-12, 1.170e-13,  55399.7070,  55399.7070,  ,WISEME    ,  Wright et al. 2010  AJ  140  1868 
 2.498e+13, 2.280e-12, 1.405e-13,  55399.7070,  55399.7070,  ,WISEME    ,  Wright et al. 2010  AJ  140  1868 
 1.363e+13, 1.980e-12, 4.770e-13,  55399.7070,  55399.7070,  ,WISEME    ,  Wright et al. 2010  AJ  140  1868 
 8.817e+13, 3.506e-12, 1.130e-13,  55399.7070,  55399.7070,  ,WISEME    ,  Wright et al. 2010  AJ  140  1868 
 6.517e+13, 3.563e-12, 1.120e-13,  55399.7070,  55399.7070,  ,WISEME    ,  Wright et al. 2010  AJ  140  1868 
 2.498e+13, 1.910e-12, 1.355e-13,  55399.7070,  55399.7070,  ,WISEME    ,  Wright et al. 2010  AJ  140  1868 
 1.363e+13, 2.844e-12, 4.495e-13,  55399.7070,  55399.7070,  ,WISEME    ,  Wright et al. 2010  AJ  140  1868 
 8.817e+13, 3.830e-12, 1.130e-13,  55576.7891,  55576.7891,  ,WISEME    ,  Wright et al. 2010  AJ  140  1868 
 6.517e+13, 3.983e-12, 1.325e-13,  55576.7891,  55576.7891,  ,WISEME    ,  Wright et al. 2010  AJ  140  1868 
 8.817e+13, 4.067e-12, 1.165e-13,  55576.9219,  55576.9219,  ,WISEME    ,  Wright et al. 2010  AJ  140  1868 
 6.517e+13, 3.875e-12, 1.105e-13,  55576.9219,  55576.9219,  ,WISEME    ,  Wright et al. 2010  AJ  140  1868 
 8.817e+13, 3.934e-12, 1.160e-13,  55577.0508,  55577.0508,  ,WISEME    ,  Wright et al. 2010  AJ  140  1868 
 6.517e+13, 3.714e-12, 1.200e-13,  55577.0508,  55577.0508,  ,WISEME    ,  Wright et al. 2010  AJ  140  1868 
 8.817e+13, 4.406e-12, 9.750e-14,  55577.1172,  55577.1172,  ,WISEME    ,  Wright et al. 2010  AJ  140  1868 
 6.517e+13, 4.031e-12, 9.250e-14,  55577.1172,  55577.1172,  ,WISEME    ,  Wright et al. 2010  AJ  140  1868 
 8.817e+13, 4.162e-12, 1.110e-13,  55577.1836,  55577.1836,  ,WISEME    ,  Wright et al. 2010  AJ  140  1868 
 6.517e+13, 3.900e-12, 9.700e-14,  55577.1836,  55577.1836,  ,WISEME    ,  Wright et al. 2010  AJ  140  1868 
 8.817e+13, 4.048e-12, 1.085e-13,  55577.2500,  55577.2500,  ,WISEME    ,  Wright et al. 2010  AJ  140  1868 
 6.517e+13, 3.643e-12, 1.105e-13,  55577.2500,  55577.2500,  ,WISEME    ,  Wright et al. 2010  AJ  140  1868 
 8.817e+13, 4.410e-12, 1.055e-13,  55577.3164,  55577.3164,  ,WISEME    ,  Wright et al. 2010  AJ  140  1868 
 6.517e+13, 4.024e-12, 9.300e-14,  55577.3164,  55577.3164,  ,WISEME    ,  Wright et al. 2010  AJ  140  1868 
 8.817e+13, 3.993e-12, 1.140e-13,  55577.3828,  55577.3828,  ,WISEME    ,  Wright et al. 2010  AJ  140  1868 
 6.517e+13, 3.850e-12, 1.030e-13,  55577.3828,  55577.3828,  ,WISEME    ,  Wright et al. 2010  AJ  140  1868 
 8.817e+13, 4.123e-12, 1.025e-13,  55577.5156,  55577.5156,  ,WISEME    ,  Wright et al. 2010  AJ  140  1868 
 6.517e+13, 3.643e-12, 9.400e-14,  55577.5156,  55577.5156,  ,WISEME    ,  Wright et al. 2010  AJ  140  1868 
 8.817e+13, 3.877e-12, 1.105e-13,  55577.6484,  55577.6484,  ,WISEME    ,  Wright et al. 2010  AJ  140  1868 
 6.517e+13, 3.868e-12, 1.105e-13,  55577.6484,  55577.6484,  ,WISEME    ,  Wright et al. 2010  AJ  140  1868 
 8.817e+13, 4.627e-12, 1.025e-13,  55212.3828,  55212.3828,  ,WISEME    ,  Wright et al. 2010  AJ  140  1868 
 6.517e+13, 4.433e-12, 9.800e-14,  55212.3828,  55212.3828,  ,WISEME    ,  Wright et al. 2010  AJ  140  1868 
 2.498e+13, 2.913e-12, 1.475e-13,  55212.3828,  55212.3828,  ,WISEME    ,  Wright et al. 2010  AJ  140  1868 
 1.363e+13, 2.099e-12, 4.620e-13,  55212.3828,  55212.3828,  ,WISEME    ,  Wright et al. 2010  AJ  140  1868 
 8.817e+13, 3.389e-12, 1.345e-13,  55398.7148,  55398.7148,  ,WISEME    ,  Wright et al. 2010  AJ  140  1868 
 6.517e+13, 3.164e-12, 1.020e-13,  55398.7148,  55398.7148,  ,WISEME    ,  Wright et al. 2010  AJ  140  1868 
 2.498e+13, 2.144e-12, 1.380e-13,  55398.7148,  55398.7148,  ,WISEME    ,  Wright et al. 2010  AJ  140  1868 
 1.363e+13, 2.951e-12, 4.445e-13,  55398.7148,  55398.7148,  ,WISEME    ,  Wright et al. 2010  AJ  140  1868 
 8.817e+13, 3.545e-12, 1.275e-13,  55398.8477,  55398.8477,  ,WISEME    ,  Wright et al. 2010  AJ  140  1868 
 6.517e+13, 3.256e-12, 9.900e-14,  55398.8477,  55398.8477,  ,WISEME    ,  Wright et al. 2010  AJ  140  1868 
 2.498e+13, 1.881e-12, 1.280e-13,  55398.8477,  55398.8477,  ,WISEME    ,  Wright et al. 2010  AJ  140  1868 
 1.363e+13, 2.230e-12, 4.130e-13,  55398.8477,  55398.8477,  ,WISEME    ,  Wright et al. 2010  AJ  140  1868 
 8.817e+13, 3.519e-12, 1.165e-13,  55398.8477,  55398.8477,  ,WISEME    ,  Wright et al. 2010  AJ  140  1868 
 6.517e+13, 3.378e-12, 1.090e-13,  55398.8477,  55398.8477,  ,WISEME    ,  Wright et al. 2010  AJ  140  1868 
 2.498e+13, 1.935e-12, 1.370e-13,  55398.8477,  55398.8477,  ,WISEME    ,  Wright et al. 2010  AJ  140  1868 
 1.363e+13, 1.747e-12, 4.475e-13,  55398.8477,  55398.8477,  ,WISEME    ,  Wright et al. 2010  AJ  140  1868 
 8.817e+13, 3.641e-12, 1.040e-13,  55399.1797,  55399.1797,  ,WISEME    ,  Wright et al. 2010  AJ  140  1868 
 6.517e+13, 3.226e-12, 9.500e-14,  55399.1797,  55399.1797,  ,WISEME    ,  Wright et al. 2010  AJ  140  1868 
 2.498e+13, 1.852e-12, 1.385e-13,  55399.1797,  55399.1797,  ,WISEME    ,  Wright et al. 2010  AJ  140  1868 
 1.363e+13, 3.067e-12, 4.735e-13,  55399.1797,  55399.1797,  ,WISEME    ,  Wright et al. 2010  AJ  140  1868 
 4.455e+14, 1.184e-12, 0.000e+00,  55000.0000,  55000.0000,  ,GAIA    ,  The Gaia Collaboration 2016  A&A  595  A2 
 6.813e+14, 1.152e-12, 4.562e-13,  55000.0000,  55000.0000,  ,HSTGSC    ,  Lasker et al. 2008  AJ  136  735 
 5.451e+14, 2.159e-12, 7.920e-13,  55000.0000,  55000.0000,  ,HSTGSC    ,  Lasker et al. 2008  AJ  136  735 
 6.233e+14, 4.169e-12, 2.310e-13,  55000.0000,  55000.0000,  ,PanSTARRS    ,  Flewelling et al. 2020  ApJS  251  7 
 4.859e+14, 3.736e-12, 2.180e-13,  55000.0000,  55000.0000,  ,PanSTARRS    ,  Flewelling et al. 2020  ApJS  251  7 
 3.987e+14, 2.014e-12, 5.750e-14,  55000.0000,  55000.0000,  ,PanSTARRS    ,  Flewelling et al. 2020  ApJS  251  7 
 3.462e+14, 4.235e-12, 1.840e-13,  55000.0000,  55000.0000,  ,PanSTARRS    ,  Flewelling et al. 2020  ApJS  251  7 
 3.116e+14, 4.055e-12, 1.050e-13,  55000.0000,  55000.0000,  ,PanSTARRS    ,  Flewelling et al. 2020  ApJS  251  7 
 8.402e+14, 2.215e-12, 3.250e-14,  55000.0000,  55000.0000,  ,SDSS    ,  Abolfathi et al. 2018  ApJS  235  42 
 6.443e+14, 2.517e-12, 1.200e-14,  55000.0000,  55000.0000,  ,SDSS    ,  Abolfathi et al. 2018  ApJS  235  42 
 4.876e+14, 2.842e-12, 1.300e-14,  55000.0000,  55000.0000,  ,SDSS    ,  Abolfathi et al. 2018  ApJS  235  42 
 4.014e+14, 3.043e-12, 1.400e-14,  55000.0000,  55000.0000,  ,SDSS    ,  Abolfathi et al. 2018  ApJS  235  42 
 3.382e+14, 3.302e-12, 2.750e-14,  55000.0000,  55000.0000,  ,SDSS    ,  Abolfathi et al. 2018  ApJS  235  42 
 1.295e+15, 4.433e-12, 5.500e-14,  55000.0000,  55000.0000,  ,GALEX    ,  Morrissey et al. 2007  ApJS  173  682 
 8.563e+14, 3.605e-12, 3.400e-14,  55000.0000,  55000.0000,  ,UVOT    ,  Yershov et al. 2014  Ap&SS  354  97 
 8.563e+14, 3.578e-12, 3.500e-14,  55000.0000,  55000.0000,  ,UVOT    ,  Yershov et al. 2014  Ap&SS  354  97 
 1.138e+15, 2.993e-12, 6.050e-14,  55000.0000,  55000.0000,  ,UVOT    ,  Yershov et al. 2014  Ap&SS  354  97 
 8.563e+14, 3.643e-12, 1.960e-13,  55000.0000,  55000.0000,  ,UVOT    ,  Yershov et al. 2014  Ap&SS  354  97 
 6.925e+14, 3.649e-12, 2.355e-13,  55000.0000,  55000.0000,  ,UVOT    ,  Yershov et al. 2014  Ap&SS  354  97 
 5.550e+14, 5.762e-12, 4.385e-13,  55000.0000,  55000.0000,  ,UVOT    ,  Yershov et al. 2014  Ap&SS  354  97 
 1.138e+15, 2.920e-12, 1.615e-13,  55000.0000,  55000.0000,  ,UVOT    ,  Yershov et al. 2014  Ap&SS  354  97 
 1.344e+15, 3.338e-12, 2.255e-13,  55000.0000,  55000.0000,  ,UVOT    ,  Yershov et al. 2014  Ap&SS  354  97 
 1.477e+15, 3.006e-12, 1.275e-13,  55000.0000,  55000.0000,  ,UVOT    ,  Yershov et al. 2014  Ap&SS  354  97 
 2.418e+17, 1.252e-12, 7.000e-14,  55255.8984,  55256.8008,  ,OUSXB    ,  Giommi et al. 2019  A&A  631  A116 
 1.209e+17, 1.531e-12, 8.200e-14,  55255.8984,  55256.8008,  ,OUSXB    ,  Giommi et al. 2019  A&A  631  A116 
 3.627e+17, 9.721e-13, 5.890e-14,  55255.8984,  55256.8008,  ,OUSXB    ,  Giommi et al. 2019  A&A  631  A116 
 7.253e+17, 7.200e-13, 2.680e-14,  55255.8984,  55256.8008,  ,OUSXB    ,  Giommi et al. 2019  A&A  631  A116 
 1.088e+18, 6.081e-13, 5.650e-14,  55255.8984,  55256.8008,  ,OUSXB    ,  Giommi et al. 2019  A&A  631  A116 
 2.418e+17, 1.832e-12, 2.120e-13,  55567.1016,  55567.1992,  ,OUSXB    ,  Giommi et al. 2019  A&A  631  A116 
 1.209e+17, 2.134e-12, 2.360e-13,  55567.1016,  55567.1992,  ,OUSXB    ,  Giommi et al. 2019  A&A  631  A116 
 3.627e+17, 1.530e-12, 1.890e-13,  55567.1016,  55567.1992,  ,OUSXB    ,  Giommi et al. 2019  A&A  631  A116 
 7.253e+17, 1.445e-12, 1.100e-13,  55567.1016,  55567.1992,  ,OUSXB    ,  Giommi et al. 2019  A&A  631  A116 
 1.088e+18, 1.376e-12, 2.280e-13,  55567.1016,  55567.1992,  ,OUSXB    ,  Giommi et al. 2019  A&A  631  A116 
 2.418e+23, 1.785e-12, 1.730e-13,  55000.0000,  55000.0000,  ,2BIGB    ,  Arsioli et al. 2020  MNRAS  493  2438 
 4.110e+23, 2.129e-12, 1.390e-13,  55000.0000,  55000.0000,  ,2BIGB    ,  Arsioli et al. 2020  MNRAS  493  2438 
 7.254e+23, 2.439e-12, 1.260e-13,  55000.0000,  55000.0000,  ,2BIGB    ,  Arsioli et al. 2020  MNRAS  493  2438 
 1.209e+24, 2.633e-12, 1.580e-13,  55000.0000,  55000.0000,  ,2BIGB    ,  Arsioli et al. 2020  MNRAS  493  2438 
 2.418e+24, 2.701e-12, 2.290e-13,  55000.0000,  55000.0000,  ,2BIGB    ,  Arsioli et al. 2020  MNRAS  493  2438 
 4.111e+24, 2.393e-12, 2.920e-13,  55000.0000,  55000.0000,  ,2BIGB    ,  Arsioli et al. 2020  MNRAS  493  2438 
 7.254e+24, 1.761e-12, 3.230e-13,  55000.0000,  55000.0000,  ,2BIGB    ,  Arsioli et al. 2020  MNRAS  493  2438 
 1.209e+25, 9.715e-13, 3.256e-13,  55000.0000,  55000.0000,  ,2BIGB    ,  Arsioli et al. 2020  MNRAS  493  2438 
 2.418e+25, 3.880e-13, 0.000e+00,  55000.0000,  55000.0000,UL,2BIGB     ,  Arsioli et al. 2020  MNRAS  493  2438 
 4.110e+25, 6.250e-13, 0.000e+00,  55000.0000,  55000.0000,UL,2BIGB     ,  Arsioli et al. 2020  MNRAS  493  2438 
 1.209e+25, 1.217e-12, 1.945e-13,  55000.0000,  55000.0000,  ,3FHL    ,  The Fermi-LAT Collaboration 2017  ApJS  323  18 
 3.627e+24, 3.378e-12, 6.480e-13,  55000.0000,  55000.0000,  ,3FHL    ,  The Fermi-LAT Collaboration 2017  ApJS  323  18 
 8.462e+24, 1.995e-12, 5.980e-13,  55000.0000,  55000.0000,  ,3FHL    ,  The Fermi-LAT Collaboration 2017  ApJS  323  18 
 2.418e+25, 3.349e-13, 2.395e-13,  55000.0000,  55000.0000,  ,3FHL    ,  The Fermi-LAT Collaboration 2017  ApJS  323  18 
 7.253e+25, 4.461e-12, 0.000e+00,  55000.0000,  55000.0000,UL,3FHL     ,  The Fermi-LAT Collaboration 2017  ApJS  323  18 
 2.418e+26, 1.671e-11, 0.000e+00,  55000.0000,  55000.0000,UL,3FHL     ,  The Fermi-LAT Collaboration 2017  ApJS  323  18 
 2.418e+23, 2.373e-12, 1.115e-13,  55000.0000,  55000.0000,  ,4FGL-DR3    ,  The Fermi-LAT Collaboration 2022  arXiv:2201.11184 
 1.813e+22, 5.953e-12, 0.000e+00,  55000.0000,  55000.0000,UL,4FGL-DR3     ,  The Fermi-LAT Collaboration 2022  arXiv:2201.11184 
 4.835e+22, 1.724e-12, 3.760e-13,  55000.0000,  55000.0000,  ,4FGL-DR3    ,  The Fermi-LAT Collaboration 2022  arXiv:2201.11184 
 1.451e+23, 1.973e-12, 1.735e-13,  55000.0000,  55000.0000,  ,4FGL-DR3    ,  The Fermi-LAT Collaboration 2022  arXiv:2201.11184 
 4.835e+23, 2.163e-12, 1.630e-13,  55000.0000,  55000.0000,  ,4FGL-DR3    ,  The Fermi-LAT Collaboration 2022  arXiv:2201.11184 
 1.451e+24, 2.846e-12, 2.410e-13,  55000.0000,  55000.0000,  ,4FGL-DR3    ,  The Fermi-LAT Collaboration 2022  arXiv:2201.11184 
 4.835e+24, 2.953e-12, 4.225e-13,  55000.0000,  55000.0000,  ,4FGL-DR3    ,  The Fermi-LAT Collaboration 2022  arXiv:2201.11184 
 1.451e+25, 1.128e-12, 4.260e-13,  55000.0000,  55000.0000,  ,4FGL-DR3    ,  The Fermi-LAT Collaboration 2022  arXiv:2201.11184 
 1.451e+26, 1.853e-12, 0.000e+00,  55000.0000,  55000.0000,UL,4FGL-DR3     ,  The Fermi-LAT Collaboration 2022  arXiv:2201.11184 
 1.209e+25, 1.319e-12, 2.105e-13,  55000.0000,  55000.0000,  ,DEBL    ,  EBL-corrected flux 
 8.462e+24, 2.031e-12, 6.090e-13,  55000.0000,  55000.0000,  ,DEBL    ,  EBL-corrected flux 
 2.418e+25, 4.351e-13, 3.112e-13,  55000.0000,  55000.0000,  ,DEBL    ,  EBL-corrected flux 
 4.835e+24, 2.953e-12, 4.225e-13,  55000.0000,  55000.0000,  ,DEBL    ,  EBL-corrected flux 
 1.451e+25, 1.277e-12, 4.824e-13,  55000.0000,  55000.0000,  ,DEBL    ,  EBL-corrected flux 
 4.850e+09, 9.748e-15, 1.941e-15,  55000.0000,  55000.0000,  ,SPECFINDV3    ,  Stein et al.  2021  A&A  655  A17 
 4.850e+09, 1.149e-14, 2.277e-15,  55000.0000,  55000.0000,  ,SPECFINDV3    ,  Stein et al.  2021  A&A  655  A17 
 4.850e+09, 9.555e-15, 1.893e-15,  55000.0000,  55000.0000,  ,SPECFINDV3    ,  Stein et al.  2021  A&A  655  A17 
 4.850e+09, 1.324e-14, 2.670e-15,  55000.0000,  55000.0000,  ,SPECFINDV3    ,  Stein et al.  2021  A&A  655  A17 
 8.400e+09, 1.294e-14, 2.605e-15,  55000.0000,  55000.0000,  ,SPECFINDV3    ,  Stein et al.  2021  A&A  655  A17 
 1.400e+09, 2.898e-15, 5.740e-16,  55000.0000,  55000.0000,  ,SPECFINDV3    ,  Stein et al.  2021  A&A  655  A17 
 8.400e+09, 1.327e-14, 2.690e-15,  55000.0000,  55000.0000,  ,SPECFINDV3    ,  Stein et al.  2021  A&A  655  A17 
 1.500e+08, 2.940e-16, 5.850e-17,  55000.0000,  55000.0000,  ,SPECFINDV3    ,  Stein et al.  2021  A&A  655  A17 
 2.000e+08, 4.040e-16, 8.000e-17,  55000.0000,  55000.0000,  ,SPECFINDV3    ,  Stein et al.  2021  A&A  655  A17 
 8.400e+09, 1.327e-14, 2.690e-15,  55000.0000,  55000.0000,  ,SPECFINDV3    ,  Stein et al.  2021  A&A  655  A17 
 8.400e+07, 2.707e-16, 6.000e-17,  55000.0000,  55000.0000,  ,GLEAMV2    ,  Hurley-Walker N. et al.  2017  MNRAS  464  1146. 
 9.200e+07, 2.306e-16, 6.000e-17,  55000.0000,  55000.0000,  ,GLEAMV2    ,  Hurley-Walker N. et al.  2017  MNRAS  464  1146. 
 9.900e+07, 2.312e-16, 5.935e-17,  55000.0000,  55000.0000,  ,GLEAMV2    ,  Hurley-Walker N. et al.  2017  MNRAS  464  1146. 
 1.070e+08, 3.616e-16, 5.150e-17,  55000.0000,  55000.0000,  ,GLEAMV2    ,  Hurley-Walker N. et al.  2017  MNRAS  464  1146. 
 1.150e+08, 2.925e-16, 4.835e-17,  55000.0000,  55000.0000,  ,GLEAMV2    ,  Hurley-Walker N. et al.  2017  MNRAS  464  1146. 
 1.220e+08, 2.770e-16, 4.565e-17,  55000.0000,  55000.0000,  ,GLEAMV2    ,  Hurley-Walker N. et al.  2017  MNRAS  464  1146. 
 1.300e+08, 2.428e-16, 4.760e-17,  55000.0000,  55000.0000,  ,GLEAMV2    ,  Hurley-Walker N. et al.  2017  MNRAS  464  1146. 
 1.430e+08, 3.685e-16, 4.200e-17,  55000.0000,  55000.0000,  ,GLEAMV2    ,  Hurley-Walker N. et al.  2017  MNRAS  464  1146. 
 1.510e+08, 3.232e-16, 3.705e-17,  55000.0000,  55000.0000,  ,GLEAMV2    ,  Hurley-Walker N. et al.  2017  MNRAS  464  1146. 
 1.580e+08, 3.073e-16, 3.800e-17,  55000.0000,  55000.0000,  ,GLEAMV2    ,  Hurley-Walker N. et al.  2017  MNRAS  464  1146. 
 1.660e+08, 2.835e-16, 3.775e-17,  55000.0000,  55000.0000,  ,GLEAMV2    ,  Hurley-Walker N. et al.  2017  MNRAS  464  1146. 
 1.740e+08, 3.700e-16, 4.115e-17,  55000.0000,  55000.0000,  ,GLEAMV2    ,  Hurley-Walker N. et al.  2017  MNRAS  464  1146. 
 1.810e+08, 3.649e-16, 3.945e-17,  55000.0000,  55000.0000,  ,GLEAMV2    ,  Hurley-Walker N. et al.  2017  MNRAS  464  1146. 
 1.890e+08, 3.989e-16, 4.085e-17,  55000.0000,  55000.0000,  ,GLEAMV2    ,  Hurley-Walker N. et al.  2017  MNRAS  464  1146. 
 1.970e+08, 3.588e-16, 4.515e-17,  55000.0000,  55000.0000,  ,GLEAMV2    ,  Hurley-Walker N. et al.  2017  MNRAS  464  1146. 
 2.040e+08, 4.884e-16, 5.100e-17,  55000.0000,  55000.0000,  ,GLEAMV2    ,  Hurley-Walker N. et al.  2017  MNRAS  464  1146. 
 2.120e+08, 4.207e-16, 5.010e-17,  55000.0000,  55000.0000,  ,GLEAMV2    ,  Hurley-Walker N. et al.  2017  MNRAS  464  1146. 
 2.200e+08, 4.258e-16, 5.380e-17,  55000.0000,  55000.0000,  ,GLEAMV2    ,  Hurley-Walker N. et al.  2017  MNRAS  464  1146. 
 2.270e+08, 4.280e-16, 5.455e-17,  55000.0000,  55000.0000,  ,GLEAMV2    ,  Hurley-Walker N. et al.  2017  MNRAS  464  1146. 
